,cardHisId,cardId,categoryBig,categorySmall,regionName,store,cardHisDate,cardHisTime,amount
0,2508200,9440-9469-2724-7629,요식/유흥,0.24728302657604218,40,양김남,2023-03-23,18,1800
1,2508201,9440-9469-2724-7629,미용,0.2386857271194458,1,박박김,2023-08-06,12,74000
2,2508202,9440-9469-2724-7629,음/식료품,0.2309589684009552,1,(주) 윤,2023-05-25,12,44000
3,2508203,9440-9469-2724-7629,스포츠/문화/레저,0.16297629475593567,1,(유) 이김김,2023-06-19,13,30800
4,2508204,9440-9469-2724-7629,의류/잡화,0.14098015427589417,1,김전,2023-05-08,14,98000
5,2508205,9440-9469-2724-7629,스포츠/문화/레저,0.31820932030677795,1,김박이,2023-07-10,18,47000
6,2508206,9440-9469-2724-7629,유통,0.2117166668176651,1,김이하,2023-05-30,13,75000
7,2508207,9440-9469-2724-7629,요식/유흥,0.18735145032405853,1,(주) 이서이,2023-04-24,12,32000
8,2508208,9440-9469-2724-7629,스포츠/문화/레저,0.16297629475593567,1,유한회사 서유문,2023-03-13,15,25300
9,2508209,9440-9469-2724-7629,스포츠/문화/레저,0.31820932030677795,1,박이이,2023-03-11,19,61000
10,2508210,9440-9469-2724-7629,유통,0.25961488485336304,1,(유) 장,2023-05-14,19,25100
11,2508211,9440-9469-2724-7629,요식/유흥,0.18735145032405853,1,(유) 이안김,2023-09-28,14,12000
12,2508212,9440-9469-2724-7629,음/식료품,0.28279080986976624,1,박이박,2023-04-11,14,47000
13,2508213,9440-9469-2724-7629,유통,0.2439495325088501,1,박송,2023-06-15,17,6500
14,2508214,9440-9469-2724-7629,요식/유흥,0.09997852146625519,1,이박홍,2023-09-27,18,15000
15,2508215,9440-9469-2724-7629,요식/유흥,0.09997852146625519,1,주식회사 장박김,2023-04-23,12,18000
16,2508216,9440-9469-2724-7629,여행/교통,0.12582632899284363,40,주식회사 박,2023-05-19,21,50000
17,2508217,9440-9469-2724-7629,요식/유흥,0.18735145032405853,1,김서박,2023-10-05,14,25000
18,2508218,9440-9469-2724-7629,요식/유흥,0.2765985131263733,1,주식회사 권이박,2023-04-27,20,8800
19,2508219,9440-9469-2724-7629,요식/유흥,0.2765985131263733,1,강김박,2023-03-27,20,10500
20,2508220,9440-9469-2724-7629,스포츠/문화/레저,0.19489452242851257,1,박장,2023-09-19,19,82000
21,2508221,9440-9469-2724-7629,요식/유흥,0.2840297520160675,1,고강김,2023-04-11,13,10500
22,2508222,9440-9469-2724-7629,요식/유흥,0.2765985131263733,1,서허박,2023-06-01,19,15000
23,2508223,9440-9469-2724-7629,유통,0.20124712586402893,1,문강최,2023-06-10,10,75000
24,2508224,9440-9469-2724-7629,미용,0.3242713212966919,1,김송,2023-06-19,16,25000
25,2508225,9440-9469-2724-7629,가정생활/서비스,0.19240517914295197,1,박이,2023-04-21,15,67000
26,2508226,9440-9469-2724-7629,요식/유흥,0.18735145032405853,1,이최,2023-03-13,13,18000
27,2508227,9440-9469-2724-7629,의류/잡화,0.12278415262699127,1,김김,2023-06-29,12,144000
28,2508228,9440-9469-2724-7629,음/식료품,0.28279080986976624,40,주식회사 이오안,2023-08-24,13,26000
29,2508229,9440-9469-2724-7629,유통,0.25961488485336304,1,이성이,2023-10-05,23,3900
30,2508230,9440-9469-2724-7629,가정생활/서비스,0.19240517914295197,40,주주,2023-07-12,12,81000
31,2508231,9440-9469-2724-7629,여행/교통,0.25128963589668274,40,이송,2023-04-29,16,176000
32,2508232,9440-9469-2724-7629,스포츠/문화/레저,0.31820932030677795,1,유한회사 이,2023-04-12,21,96000
33,2508233,9440-9469-2724-7629,요식/유흥,0.24728302657604218,1,김고박,2023-03-14,21,9200
34,2508234,9440-9469-2724-7629,여행/교통,0.1779266893863678,1,오조,2023-09-25,10,510000
35,2508235,9440-9469-2724-7629,요식/유흥,0.2765985131263733,1,(유) 이,2023-04-10,10,9200
36,2508236,9440-9469-2724-7629,요식/유흥,0.09997852146625519,1,주식회사 이강박,2023-07-16,15,32000
37,2508237,9440-9469-2724-7629,요식/유흥,0.2765985131263733,40,(주) 이,2023-08-22,13,10500
38,2508238,9440-9469-2724-7629,요식/유흥,0.2840297520160675,1,(유) 김,2023-09-20,18,5600
39,2508239,9440-9469-2724-7629,유통,0.2117166668176651,40,김이김,2023-05-20,11,45000
40,2508240,9440-9469-2724-7629,요식/유흥,0.2765985131263733,40,(유) 이,2023-04-28,20,1800
41,2508241,9440-9469-2724-7629,의류/잡화,0.12278415262699127,1,최김김,2023-05-31,19,106000
42,2508242,9440-9469-2724-7629,스포츠/문화/레저,0.16449175775051117,1,박송이,2023-09-12,18,79000
43,2508243,9440-9469-2724-7629,요식/유흥,0.18735145032405853,1,유한회사 남,2023-03-10,19,46000
44,2508244,9440-9469-2724-7629,요식/유흥,0.2765985131263733,1,최하,2023-09-19,21,7900
45,2508245,9440-9469-2724-7629,스포츠/문화/레저,0.06646712124347687,1,김이박,2023-07-04,18,15000
46,2508246,9440-9469-2724-7629,요식/유흥,0.09997852146625519,1,박황박,2023-09-19,15,18000
47,2508247,9440-9469-2724-7629,유통,0.2439495325088501,1,유한회사 권곽박,2023-05-29,13,6500
48,2508248,9440-9469-2724-7629,스포츠/문화/레저,0.08852367103099823,1,(주) 황손이,2023-04-03,16,54000
49,2508249,9440-9469-2724-7629,요식/유흥,0.09997852146625519,1,이나안,2023-08-20,16,15000
50,2508250,9440-9469-2724-7629,요식/유흥,0.5215029120445251,1,유한회사 문,2023-08-15,23,25800
51,2508251,9440-9469-2724-7629,요식/유흥,0.44218161702156067,1,주식회사 김,2023-03-11,20,10000
52,2508252,9440-9469-2724-7629,요식/유흥,0.2765985131263733,40,이문안,2023-08-22,17,2500
53,2508253,9440-9469-2724-7629,요식/유흥,0.2765985131263733,1,최진,2023-03-27,20,18000
54,2508254,9440-9469-2724-7629,가전/가구,0.15085723996162415,1,박강,2023-08-31,15,590000
55,2508255,9440-9469-2724-7629,요식/유흥,0.09997852146625519,1,김임박,2023-03-14,18,12000
56,2508256,9440-9469-2724-7629,요식/유흥,0.09997852146625519,1,김손,2023-09-04,13,29000
57,2508257,9440-9469-2724-7629,스포츠/문화/레저,0.07929727435112,1,이이성,2023-06-19,20,38000
58,2508258,9440-9469-2724-7629,스포츠/문화/레저,0.19489452242851257,1,조김,2023-08-26,19,86000
59,2508259,9440-9469-2724-7629,스포츠/문화/레저,0.16297629475593567,1,주식회사 김,2023-06-20,17,16800
60,2508260,9440-9469-2724-7629,스포츠/문화/레저,0.16297629475593567,1,이김권,2023-06-19,17,32400
61,2508261,9440-9469-2724-7629,유통,0.33382269740104675,1,최최박,2023-08-25,19,43000
62,2508262,9440-9469-2724-7629,유통,0.20124712586402893,1,(주) 홍,2023-08-02,17,12000
63,2508263,9440-9469-2724-7629,요식/유흥,0.5215029120445251,1,진박,2023-08-04,22,14700
64,2508264,9440-9469-2724-7629,스포츠/문화/레저,0.16297629475593567,1,황김김,2023-05-04,21,36900
65,2508265,9440-9469-2724-7629,가정생활/서비스,0.19240517914295197,1,주식회사 김이권,2023-07-18,13,44000
66,2508266,9440-9469-2724-7629,요식/유흥,0.24728302657604218,1,(유) 윤이김,2023-05-04,19,2500
67,2508267,9440-9469-2724-7629,요식/유흥,0.09997852146625519,1,(주) 서,2023-08-10,15,18000
68,2508268,9440-9469-2724-7629,요식/유흥,0.18735145032405853,1,(주) 장,2023-03-16,11,18000
69,2508269,9440-9469-2724-7629,유통,0.25961488485336304,1,유한회사 강김이,2023-07-15,13,15400
70,2508270,9440-9469-2724-7629,의류/잡화,0.13025283813476562,1,(주) 강,2023-05-30,14,480000
71,2508271,9440-9469-2724-7629,요식/유흥,0.09997852146625519,1,주식회사 이장이,2023-06-09,12,32000
72,2508272,9440-9469-2724-7629,스포츠/문화/레저,0.08852367103099823,1,최최,2023-08-07,17,98000
73,2508273,9440-9469-2724-7629,가정생활/서비스,0.2524673342704773,1,신김,2023-03-26,13,36000
74,2508274,9440-9469-2724-7629,음/식료품,0.2309589684009552,1,남이,2023-06-15,15,40000
75,2508275,9440-9469-2724-7629,요식/유흥,0.2765985131263733,1,남박최,2023-03-04,10,18000
76,2508276,9440-9469-2724-7629,유통,0.2439495325088501,1,유한회사 류하김,2023-09-08,14,14000
77,2508277,9440-9469-2724-7629,의류/잡화,0.13025283813476562,1,주식회사 김,2023-09-23,18,690000
78,2508278,9440-9469-2724-7629,요식/유흥,0.2840297520160675,40,주식회사 최,2023-05-20,18,12000
79,2508279,9440-9469-2724-7629,요식/유흥,0.2840297520160675,1,주식회사 권강안,2023-05-27,12,1800
80,2508280,9440-9469-2724-7629,요식/유흥,0.2840297520160675,1,(주) 이,2023-09-08,10,2500
81,2508281,9440-9469-2724-7629,스포츠/문화/레저,0.07929727435112,1,홍이,2023-08-08,19,45400
82,2508282,9440-9469-2724-7629,스포츠/문화/레저,0.16297629475593567,1,(유) 김김노,2023-05-27,18,11500
83,2508283,9440-9469-2724-7629,유통,0.33382269740104675,1,주식회사 허안송,2023-03-01,12,32000
84,2508284,9440-9469-2724-7629,요식/유흥,0.09997852146625519,1,차이한,2023-03-15,12,18000
85,2508285,9440-9469-2724-7629,의료,0.24835561215877533,1,허남이,2023-08-18,15,13800
86,2508286,9440-9469-2724-7629,여행/교통,0.12582632899284363,1,주식회사 권김김,2023-09-30,21,80000
87,2508287,9440-9469-2724-7629,유통,0.33382269740104675,1,유한회사 이,2023-09-30,15,73000
88,2508288,9440-9469-2724-7629,유통,0.25961488485336304,1,조이,2023-08-17,15,11900
89,2508289,9440-9469-2724-7629,요식/유흥,0.2840297520160675,1,(유) 이서최,2023-09-28,19,4100
90,2508290,9440-9469-2724-7629,유통,0.25961488485336304,1,(주) 이한강,2023-09-05,3,20900
91,2508291,9440-9469-2724-7629,스포츠/문화/레저,0.31820932030677795,1,(유) 박,2023-10-09,21,61000
92,2508292,9440-9469-2724-7629,요식/유흥,0.18735145032405853,1,(유) 김이박,2023-10-08,19,8000
93,2508293,9440-9469-2724-7629,요식/유흥,0.2840297520160675,1,오이이,2023-06-30,12,7900
94,2508294,9440-9469-2724-7629,미용,0.28070032596588135,1,(유) 김홍문,2023-08-19,18,25000
95,2508295,9440-9469-2724-7629,스포츠/문화/레저,0.31820932030677795,1,유한회사 강강한,2023-06-12,18,96000
96,2508296,9440-9469-2724-7629,요식/유흥,0.2840297520160675,1,구최,2023-10-01,18,18000
97,2508297,9440-9469-2724-7629,스포츠/문화/레저,0.07929727435112,1,김김,2023-09-18,19,9500
98,2508298,9440-9469-2724-7629,스포츠/문화/레저,0.19489452242851257,1,(주) 강나박,2023-10-01,20,65000
99,2508299,9440-9469-2724-7629,요식/유흥,0.09997852146625519,1,배장윤,2023-07-30,19,46000
100,2508300,9440-9469-2724-7629,요식/유흥,0.2765985131263733,1,(주) 김,2023-04-02,19,18000
101,2508301,9440-9469-2724-7629,스포츠/문화/레저,0.07929727435112,1,장김김,2023-05-27,20,46900
102,2508302,9440-9469-2724-7629,음/식료품,0.28279080986976624,1,박김,2023-06-05,15,42000
103,2508303,9440-9469-2724-7629,요식/유흥,0.2840297520160675,1,하김,2023-06-09,19,8800
104,2508304,9440-9469-2724-7629,요식/유흥,0.2840297520160675,1,손이구,2023-08-06,16,8800
105,2508305,9440-9469-2724-7629,유통,0.20124712586402893,1,유한회사 배조우,2023-08-16,11,45000
106,2508306,9440-9469-2724-7629,요식/유흥,0.09997852146625519,1,손오장,2023-09-15,18,15000
107,2508307,9440-9469-2724-7629,요식/유흥,0.09997852146625519,1,(주) 임안김,2023-03-11,16,50000
108,2508308,9440-9469-2724-7629,스포츠/문화/레저,0.06646712124347687,1,이이노,2023-07-21,19,12000
109,2508309,9440-9469-2724-7629,요식/유흥,0.09997852146625519,1,(유) 노,2023-04-17,14,12000
110,2508310,9440-9469-2724-7629,음/식료품,0.2309589684009552,1,(주) 김한박,2023-05-03,12,27000
111,2508311,9440-9469-2724-7629,가정생활/서비스,0.2524673342704773,1,(유) 이,2023-08-28,18,51000
112,2508312,9440-9469-2724-7629,유통,0.25961488485336304,1,김박김,2023-06-29,14,20800
113,2508313,9440-9469-2724-7629,여행/교통,0.12582632899284363,1,유한회사 황,2023-06-29,21,100000
114,2508314,9440-9469-2724-7629,유통,0.25961488485336304,1,김박,2023-08-26,9,16400
115,2508315,9440-9469-2724-7629,유통,0.2439495325088501,40,(유) 박김고,2023-08-22,15,3000
116,2508316,9440-9469-2724-7629,요식/유흥,0.24728302657604218,1,최이,2023-09-28,20,2500
117,2508317,9440-9469-2724-7629,요식/유흥,0.09997852146625519,1,박김이,2023-05-26,13,18000
118,2508318,9440-9469-2724-7629,유통,0.33382269740104675,1,(유) 윤이김,2023-10-07,19,52000
119,2508319,9440-9469-2724-7629,스포츠/문화/레저,0.06646712124347687,1,유한회사 양,2023-03-04,19,12000
120,2508320,9440-9469-2724-7629,요식/유흥,0.24728302657604218,1,이이박,2023-09-24,21,7900
121,2508321,9440-9469-2724-7629,유통,0.33382269740104675,40,전김박,2023-05-21,17,68000
122,2508322,9440-9469-2724-7629,유통,0.25961488485336304,1,박양,2023-06-06,17,13500
123,2508323,9440-9469-2724-7629,미용,0.28070032596588135,1,김류,2023-08-20,19,20000
124,2508324,9440-9469-2724-7629,요식/유흥,0.2765985131263733,1,박김,2023-04-10,12,3800
125,2508325,9440-9469-2724-7629,스포츠/문화/레저,0.16297629475593567,1,서최,2023-03-13,18,35800
126,2508326,9440-9469-2724-7629,요식/유흥,0.2765985131263733,1,황손,2023-04-23,11,5600
127,2508327,9440-9469-2724-7629,요식/유흥,0.09997852146625519,1,유한회사 이,2023-05-22,14,12000
128,2508328,9440-9469-2724-7629,유통,0.2117166668176651,1,김윤,2023-08-01,17,89000
129,2508329,9440-9469-2724-7629,여행/교통,0.1779266893863678,1,(유) 이박김,2023-08-30,13,819000
130,2508330,9440-9469-2724-7629,스포츠/문화/레저,0.31820932030677795,1,(유) 김박김,2023-03-25,17,57000
131,2508331,9440-9469-2724-7629,의류/잡화,0.12968142330646515,40,권한,2023-07-12,12,108000
132,2508332,9440-9469-2724-7629,요식/유흥,0.09997852146625519,1,(유) 강강김,2023-09-29,13,15000
133,2508333,9440-9469-2724-7629,요식/유흥,0.2765985131263733,1,유한회사 최안박,2023-06-27,13,12000
134,2508334,9440-9469-2724-7629,음/식료품,0.2309589684009552,1,유한회사 이,2023-08-26,18,34000
135,2508335,9440-9469-2724-7629,여행/교통,0.1972959339618683,1,이한이,2023-08-30,16,276000
136,2508336,9440-9469-2724-7629,유통,0.20124712586402893,1,최김,2023-08-05,14,45000
137,2508337,9440-9469-2724-7629,음/식료품,0.28279080986976624,1,주식회사 이,2023-04-24,13,50000
138,2508338,9440-9469-2724-7629,의류/잡화,0.14098015427589417,1,(주) 이이홍,2023-04-12,18,58000
139,2508339,9440-9469-2724-7629,요식/유흥,0.2765985131263733,40,서박최,2023-08-21,13,10500
140,2508340,9440-9469-2724-7629,유통,0.2117166668176651,1,(주) 이,2023-07-05,9,75000
141,2508341,9440-9469-2724-7629,유통,0.25961488485336304,1,유한회사 김박이,2023-07-04,1,20600
142,2508342,9440-9469-2724-7629,요식/유흥,0.24728302657604218,1,안심김,2023-03-16,10,7900
143,2508343,9440-9469-2724-7629,여행/교통,0.1779266893863678,1,유한회사 이,2023-05-11,15,691000
144,2508344,9440-9469-2724-7629,스포츠/문화/레저,0.16449175775051117,1,주식회사 이차박,2023-06-06,17,32000
145,2508345,9440-9469-2724-7629,가정생활/서비스,0.32030704617500305,40,권한박,2023-07-14,12,66000
146,2508346,9440-9469-2724-7629,요식/유흥,0.24728302657604218,1,주식회사 한권김,2023-08-11,15,9200
147,2508347,9440-9469-2724-7629,스포츠/문화/레저,0.16449175775051117,1,이김,2023-05-15,16,90000
148,2508348,9440-9469-2724-7629,유통,0.2439495325088501,1,주식회사 서김임,2023-03-05,10,14000
149,2508349,9440-9469-2724-7629,유통,0.2117166668176651,1,주식회사 장,2023-03-20,14,12000
150,2508350,9440-9469-2724-7629,유통,0.33382269740104675,1,한김,2023-09-12,17,68000
151,2508351,9440-9469-2724-7629,요식/유흥,0.2840297520160675,1,(주) 이,2023-09-27,14,7900
152,2508352,9440-9469-2724-7629,유통,0.33382269740104675,1,김윤박,2023-03-30,12,52000
153,2508353,9440-9469-2724-7629,요식/유흥,0.2840297520160675,1,이이,2023-08-29,13,5600
154,2508354,9440-9469-2724-7629,스포츠/문화/레저,0.31820932030677795,1,주식회사 하,2023-04-19,17,87000
155,2508355,9440-9469-2724-7629,요식/유흥,0.2765985131263733,40,(주) 이홍나,2023-06-22,20,8800
156,2508356,9440-9469-2724-7629,스포츠/문화/레저,0.08852367103099823,1,(주) 김,2023-09-11,16,86000
157,2508357,9440-9469-2724-7629,스포츠/문화/레저,0.16297629475593567,1,김이,2023-05-22,20,39200
158,2508358,9440-9469-2724-7629,유통,0.20124712586402893,1,안권배,2023-06-12,18,75000
159,2508359,9440-9469-2724-7629,유통,0.20124712586402893,1,(유) 김이김,2023-09-18,18,21000
160,2508360,9440-9469-2724-7629,유통,0.2117166668176651,1,박김주,2023-08-30,19,12000
161,2508361,9440-9469-2724-7629,유통,0.2439495325088501,1,유한회사 김백이,2023-09-01,11,8800
162,2508362,9440-9469-2724-7629,요식/유흥,0.2840297520160675,40,(유) 이지김,2023-06-23,21,1800
163,2508363,9440-9469-2724-7629,요식/유흥,0.09997852146625519,1,나윤박,2023-08-01,17,18000
164,2508364,9440-9469-2724-7629,요식/유흥,0.18735145032405853,1,주식회사 최허김,2023-06-06,19,32000
165,2508365,9440-9469-2724-7629,미용,0.2386857271194458,1,주식회사 문이이,2023-04-09,17,80000
166,2508366,9440-9469-2724-7629,미용,0.3242713212966919,1,주식회사 우,2023-08-14,16,50000
167,2508367,9440-9469-2724-7629,유통,0.33382269740104675,1,(주) 이최김,2023-05-31,17,73000
168,2508368,9440-9469-2724-7629,유통,0.2117166668176651,1,(주) 최,2023-05-27,17,21000
169,2508369,9440-9469-2724-7629,스포츠/문화/레저,0.06646712124347687,1,(주) 우,2023-04-24,19,30000
170,2508370,9440-9469-2724-7629,요식/유흥,0.24728302657604218,1,손박,2023-06-12,17,2500
171,2508371,9440-9469-2724-7629,요식/유흥,0.18735145032405853,1,이김강,2023-07-29,19,15000
172,2508372,9440-9469-2724-7629,스포츠/문화/레저,0.08852367103099823,1,유한회사 박,2023-06-24,19,56000
173,2508373,9440-9469-2724-7629,의류/잡화,0.12278415262699127,132,이박김,2023-07-25,16,111000
174,2508374,9440-9469-2724-7629,요식/유흥,0.24728302657604218,1,김지,2023-03-06,20,10500
175,2508375,9440-9469-2724-7629,스포츠/문화/레저,0.19489452242851257,1,주식회사 윤,2023-07-09,18,51000
176,2508376,9440-9469-2724-7629,요식/유흥,0.18735145032405853,1,주류,2023-07-30,18,15000
177,2508377,9440-9469-2724-7629,유통,0.25961488485336304,1,(유) 김,2023-03-06,11,28000
178,2508378,9440-9469-2724-7629,여행/교통,0.12582632899284363,1,유한회사 김박한,2023-09-21,22,100000
179,2508379,9440-9469-2724-7629,스포츠/문화/레저,0.16297629475593567,1,김배박,2023-03-10,18,34400
180,2508380,9440-9469-2724-7629,요식/유흥,0.18735145032405853,1,김윤차,2023-08-29,11,15000
181,2508381,9440-9469-2724-7629,가정생활/서비스,0.32030704617500305,1,(주) 오,2023-03-31,14,67000
182,2508382,9440-9469-2724-7629,의류/잡화,0.12278415262699127,1,김김이,2023-09-29,18,102000
183,2508383,9440-9469-2724-7629,요식/유흥,0.09997852146625519,1,(주) 서,2023-09-22,18,18000
184,2508384,9440-9469-2724-7629,스포츠/문화/레저,0.31820932030677795,1,(주) 고,2023-05-26,18,89000
185,2508385,9440-9469-2724-7629,요식/유흥,0.18735145032405853,1,주식회사 김,2023-04-27,15,18000
186,2508386,9440-9469-2724-7629,여행/교통,0.12582632899284363,1,(주) 이,2023-06-04,20,80000
187,2508387,9440-9469-2724-7629,여행/교통,0.12582632899284363,1,이이이,2023-09-01,23,80000
188,2508388,9440-9469-2724-7629,요식/유흥,0.2840297520160675,1,(유) 서김고,2023-05-26,14,12000
189,2508389,9440-9469-2724-7629,음/식료품,0.28279080986976624,1,(유) 한,2023-03-28,16,39000
190,2508390,9440-9469-2724-7629,요식/유흥,0.24728302657604218,1,유한회사 이김장,2023-08-27,18,10500
191,2508391,9440-9469-2724-7629,요식/유흥,0.18735145032405853,1,송송김,2023-06-12,18,29000
192,2508392,9440-9469-2724-7629,요식/유흥,0.18735145032405853,1,주식회사 김,2023-04-27,12,15000
193,2508393,9440-9469-2724-7629,요식/유흥,0.18735145032405853,1,민박강,2023-08-25,15,10000
194,2508394,9440-9469-2724-7629,요식/유흥,0.18735145032405853,40,유한회사 최,2023-08-22,14,50000
195,2508395,9440-9469-2724-7629,요식/유흥,0.18735145032405853,1,이권한,2023-07-01,19,38000
196,2508396,9440-9469-2724-7629,요식/유흥,0.24728302657604218,1,주식회사 박황이,2023-09-20,10,9200
197,2508397,9440-9469-2724-7629,유통,0.25961488485336304,40,김하이,2023-03-23,0,16900
198,2508398,9440-9469-2724-7629,요식/유흥,0.09997852146625519,1,주식회사 곽박백,2023-09-13,16,8000
199,2508399,9440-9469-2724-7629,스포츠/문화/레저,0.16297629475593567,1,이김,2023-06-25,18,39400
200,2508400,9440-9469-2724-7629,의류/잡화,0.14098015427589417,1,(주) 남,2023-08-30,14,82000
201,2508401,9440-9469-2724-7629,요식/유흥,0.18735145032405853,1,강류박,2023-06-07,16,12000
202,2508402,9440-9469-2724-7629,여행/교통,0.1972959339618683,1,최차,2023-06-14,17,447000
203,2508403,9440-9469-2724-7629,유통,0.25961488485336304,1,김김,2023-07-28,9,25800
204,2508404,9440-9469-2724-7629,요식/유흥,0.18735145032405853,1,권이손,2023-05-29,16,12000
205,2508405,9440-9469-2724-7629,요식/유흥,0.2765985131263733,1,이한한,2023-07-01,14,2500
206,2508406,9440-9469-2724-7629,의류/잡화,0.12278415262699127,1,이김,2023-06-30,11,81000
207,2508407,9440-9469-2724-7629,요식/유흥,0.24728302657604218,1,주식회사 최강곽,2023-09-19,19,12000
208,2508408,9440-9469-2724-7629,요식/유흥,0.09997852146625519,1,유한회사 김,2023-04-26,16,38000
209,2508409,9440-9469-2724-7629,미용,0.2386857271194458,1,(주) 이,2023-08-01,18,96000
210,2508410,9440-9469-2724-7629,요식/유흥,0.24728302657604218,1,홍안,2023-03-15,10,8800
211,2508411,9440-9469-2724-7629,스포츠/문화/레저,0.16449175775051117,1,(유) 서박권,2023-05-27,21,34000
212,2508412,9440-9469-2724-7629,여행/교통,0.1972959339618683,132,윤박,2023-07-24,17,334000
213,2508413,9440-9469-2724-7629,요식/유흥,0.18735145032405853,1,박김,2023-05-27,19,18000
214,2508414,9440-9469-2724-7629,요식/유흥,0.2765985131263733,1,한허김,2023-07-07,16,18000
215,2508415,9440-9469-2724-7629,요식/유흥,0.24728302657604218,1,(유) 최,2023-06-03,12,3800
216,2508416,9440-9469-2724-7629,요식/유흥,0.18735145032405853,1,(유) 김,2023-08-27,11,18000
217,2508417,9440-9469-2724-7629,유통,0.2117166668176651,1,문김김,2023-07-22,17,57000
218,2508418,9440-9469-2724-7629,유통,0.25961488485336304,1,주식회사 김,2023-03-16,11,3700
219,2508419,9440-9469-2724-7629,요식/유흥,0.09997852146625519,1,안이김,2023-06-04,15,15000
220,2508420,9440-9469-2724-7629,요식/유흥,0.09997852146625519,1,김나이,2023-03-27,16,8000
221,2508421,9440-9469-2724-7629,가정생활/서비스,0.19240517914295197,1,유한회사 박이김,2023-05-01,17,80000
222,2508422,9440-9469-2724-7629,의류/잡화,0.13025283813476562,1,권김우,2023-09-08,19,540000
223,2508423,9440-9469-2724-7629,요식/유흥,0.24728302657604218,1,(주) 오,2023-05-01,12,2500
224,2508424,9440-9469-2724-7629,가전/가구,0.15085723996162415,1,강이,2023-04-04,18,700000
225,2508425,9440-9469-2724-7629,유통,0.25961488485336304,1,서황이,2023-05-29,2,21200
226,2508426,9440-9469-2724-7629,유통,0.20124712586402893,1,박허안,2023-06-15,10,45000
227,2508427,9440-9469-2724-7629,유통,0.25961488485336304,1,박김,2023-04-15,0,8400
228,2508428,9440-9469-2724-7629,요식/유흥,0.2765985131263733,1,조윤,2023-05-10,12,3800
229,2508429,9440-9469-2724-7629,음/식료품,0.2309589684009552,132,(주) 손백강,2023-07-27,19,41000
230,2508430,9440-9469-2724-7629,가정생활/서비스,0.32030704617500305,1,유한회사 박김김,2023-09-07,13,61000
231,2508431,9440-9469-2724-7629,요식/유흥,0.18735145032405853,1,김박이,2023-07-08,13,18000
232,2508432,9440-9469-2724-7629,요식/유흥,0.18735145032405853,1,주식회사 박,2023-09-10,20,18000
233,2508433,9440-9469-2724-7629,유통,0.33382269740104675,1,백김윤,2023-05-06,15,88000
234,2508434,9440-9469-2724-7629,유통,0.20124712586402893,1,주식회사 박김김,2023-04-12,18,45000
235,2508435,9440-9469-2724-7629,가정생활/서비스,0.2524673342704773,1,(주) 김이최,2023-04-19,11,96000
236,2508436,9440-9469-2724-7629,음/식료품,0.2309589684009552,1,한이,2023-08-11,15,45000
237,2508437,9440-9469-2724-7629,스포츠/문화/레저,0.31820932030677795,1,김김,2023-05-01,19,96000
238,2508438,9440-9469-2724-7629,유통,0.33382269740104675,1,주식회사 송,2023-09-07,13,88000
239,2508439,9440-9469-2724-7629,유통,0.33382269740104675,1,주식회사 김황오,2023-10-10,12,43000
240,2508440,9440-9469-2724-7629,의류/잡화,0.14098015427589417,40,(유) 이,2023-03-21,11,60000
241,2508441,9440-9469-2724-7629,음/식료품,0.03156672790646553,1,이김,2023-08-28,15,43000
242,2508442,9440-9469-2724-7629,유통,0.25961488485336304,1,박서,2023-04-26,5,29600
243,2508443,9440-9469-2724-7629,요식/유흥,0.2840297520160675,1,주식회사 남,2023-09-12,20,2500
244,2508444,9440-9469-2724-7629,유통,0.33382269740104675,40,최김,2023-03-23,16,52000
245,2508445,9440-9469-2724-7629,요식/유흥,0.5215029120445251,1,주식회사 고,2023-07-06,21,17500
246,2508446,9440-9469-2724-7629,음/식료품,0.2309589684009552,1,유한회사 전김이,2023-07-05,17,32000
247,2508447,9440-9469-2724-7629,스포츠/문화/레저,0.19489452242851257,1,장박최,2023-09-01,19,74000
248,2508448,9440-9469-2724-7629,요식/유흥,0.24728302657604218,1,이이김,2023-09-06,9,18000
249,2508449,9440-9469-2724-7629,유통,0.25961488485336304,1,송송,2023-04-27,3,12900
250,2508450,9440-9469-2724-7629,유통,0.25961488485336304,1,주식회사 이,2023-09-01,20,26400
251,2508451,9440-9469-2724-7629,유통,0.2117166668176651,1,주식회사 강이김,2023-09-14,19,57000
252,2508452,9440-9469-2724-7629,요식/유흥,0.18735145032405853,1,유한회사 한이임,2023-05-26,14,25000
253,2508453,9440-9469-2724-7629,요식/유흥,0.09997852146625519,1,(유) 강박황,2023-09-18,20,46000
254,2508454,9440-9469-2724-7629,요식/유흥,0.2840297520160675,1,(유) 이강홍,2023-04-12,10,4100
255,2508455,9440-9469-2724-7629,유통,0.20124712586402893,1,김오이,2023-09-11,15,57000
256,2508456,9440-9469-2724-7629,음/식료품,0.03156672790646553,1,(주) 이,2023-03-04,16,36000
257,2508457,9440-9469-2724-7629,요식/유흥,0.18735145032405853,1,심오,2023-04-27,17,25000
258,2508458,9440-9469-2724-7629,스포츠/문화/레저,0.31820932030677795,40,(유) 오임권,2023-07-12,17,98000
259,2508459,9440-9469-2724-7629,스포츠/문화/레저,0.06646712124347687,1,이김심,2023-05-04,20,12000
260,2508460,9440-9469-2724-7629,미용,0.2386857271194458,1,주식회사 김,2023-05-12,10,83000
261,2508461,9440-9469-2724-7629,유통,0.20124712586402893,1,김이,2023-08-17,13,75000
262,2508462,9440-9469-2724-7629,요식/유흥,0.09997852146625519,1,서강,2023-07-28,11,29000
263,2508463,9440-9469-2724-7629,스포츠/문화/레저,0.16297629475593567,1,안김,2023-08-07,17,12900
264,2508464,9440-9469-2724-7629,요식/유흥,0.24728302657604218,1,(주) 이,2023-03-09,10,8800
265,2508465,9440-9469-2724-7629,의료,0.21246173977851868,1,김이,2023-03-01,14,21200
266,2508466,9440-9469-2724-7629,스포츠/문화/레저,0.06646712124347687,1,이양박,2023-06-10,19,89000
267,2508467,9440-9469-2724-7629,음/식료품,0.2309589684009552,1,주식회사 서,2023-04-23,20,49000
268,2508468,9440-9469-2724-7629,유통,0.2117166668176651,40,권윤,2023-08-21,9,12000
269,2508469,9440-9469-2724-7629,가정생활/서비스,0.32030704617500305,1,(주) 이박김,2023-03-28,15,58000
270,2508470,9440-9469-2724-7629,요식/유흥,0.18735145032405853,1,주식회사 박,2023-03-16,15,46000
271,2508471,9440-9469-2724-7629,스포츠/문화/레저,0.06646712124347687,1,배이이,2023-06-29,20,30000
272,2508472,9440-9469-2724-7629,스포츠/문화/레저,0.06646712124347687,1,이이,2023-05-30,20,15000
273,2508473,9440-9469-2724-7629,스포츠/문화/레저,0.16297629475593567,1,이이이,2023-08-11,20,14600
274,2508474,9440-9469-2724-7629,요식/유흥,0.09997852146625519,1,유한회사 이이오,2023-06-17,19,10000
275,2508475,9440-9469-2724-7629,요식/유흥,0.09997852146625519,132,유한회사 김김엄,2023-07-26,17,25000
276,2508476,9440-9469-2724-7629,스포츠/문화/레저,0.07929727435112,40,(유) 김,2023-07-12,20,10400
277,2508477,9440-9469-2724-7629,요식/유흥,0.2765985131263733,1,(주) 윤,2023-09-19,14,10500
278,2508478,9440-9469-2724-7629,요식/유흥,0.24728302657604218,1,주식회사 이,2023-09-30,10,5600
279,2508479,9440-9469-2724-7629,요식/유흥,0.18735145032405853,1,(유) 지,2023-06-26,14,32000
280,2508480,9440-9469-2724-7629,의료,0.21246173977851868,1,(유) 류,2023-08-08,16,13900
281,2508481,9440-9469-2724-7629,여행/교통,0.1972959339618683,1,박박장,2023-03-15,16,272000
282,2508482,9440-9469-2724-7629,요식/유흥,0.09997852146625519,1,이고,2023-05-05,19,15000
283,2508483,9440-9469-2724-7629,스포츠/문화/레저,0.16297629475593567,1,박권,2023-08-25,17,31300
284,2508484,9440-9469-2724-7629,유통,0.2117166668176651,1,이황송,2023-06-08,11,57000
285,2508485,9440-9469-2724-7629,요식/유흥,0.2765985131263733,1,(유) 김,2023-04-17,10,9200
286,2508486,9440-9469-2724-7629,요식/유흥,0.09997852146625519,1,(유) 황김류,2023-05-16,18,46000
287,2508487,9440-9469-2724-7629,요식/유흥,0.24728302657604218,1,성송,2023-04-22,10,2500
288,2508488,9440-9469-2724-7629,요식/유흥,0.2765985131263733,1,박김권,2023-03-05,20,10500
289,2508489,9440-9469-2724-7629,요식/유흥,0.09997852146625519,1,김김김,2023-07-28,15,18000
290,2508490,9440-9469-2724-7629,여행/교통,0.1972959339618683,1,최이,2023-03-06,16,479000
291,2508491,9440-9469-2724-7629,요식/유흥,0.09997852146625519,1,곽이황,2023-09-26,13,25000
292,2508492,9440-9469-2724-7629,스포츠/문화/레저,0.16449175775051117,1,주식회사 이이김,2023-08-30,17,88000
293,2508493,9440-9469-2724-7629,미용,0.3242713212966919,1,윤백이,2023-08-09,14,80000
294,2508494,9440-9469-2724-7629,요식/유흥,0.2840297520160675,132,김곽,2023-07-27,11,7900
295,2508495,9440-9469-2724-7629,요식/유흥,0.24728302657604218,1,(주) 강이신,2023-06-02,17,7900
296,2508496,9440-9469-2724-7629,음/식료품,0.2309589684009552,1,(유) 박김김,2023-10-01,20,44000
297,2508497,9440-9469-2724-7629,요식/유흥,0.24728302657604218,1,김우,2023-09-17,17,7900
298,2508498,9440-9469-2724-7629,요식/유흥,0.2765985131263733,1,김김김,2023-09-17,20,15000
299,2508499,9440-9469-2724-7629,요식/유흥,0.2765985131263733,1,주식회사 김손이,2023-07-04,21,7900
300,2508500,9440-9469-2724-7629,의류/잡화,0.12968142330646515,1,오노,2023-10-04,12,46000
301,2508501,9440-9469-2724-7629,요식/유흥,0.5215029120445251,1,(유) 최,2023-07-28,21,21100
302,2508502,9440-9469-2724-7629,유통,0.20124712586402893,1,주식회사 안,2023-07-20,16,21000
303,2508503,9440-9469-2724-7629,유통,0.2439495325088501,1,김이장,2023-04-22,12,3000
304,2508504,9440-9469-2724-7629,요식/유흥,0.2765985131263733,1,주식회사 송류류,2023-04-26,9,8800
305,2508505,9440-9469-2724-7629,요식/유흥,0.09997852146625519,1,(유) 김,2023-03-27,13,50000
306,2508506,9440-9469-2724-7629,요식/유흥,0.2765985131263733,1,유한회사 김,2023-05-15,17,15000
307,2508507,9440-9469-2724-7629,요식/유흥,0.2765985131263733,1,유한회사 최,2023-08-16,9,1800
308,2508508,9440-9469-2724-7629,유통,0.33382269740104675,1,이김,2023-04-23,18,73000
309,2508509,9440-9469-2724-7629,스포츠/문화/레저,0.06646712124347687,1,주식회사 나장허,2023-06-17,20,15000
310,2508510,9440-9469-2724-7629,스포츠/문화/레저,0.31820932030677795,1,(유) 고,2023-05-05,17,66000
311,2508511,9440-9469-2724-7629,유통,0.25961488485336304,1,유한회사 김,2023-05-29,6,22400
312,2508512,9440-9469-2724-7629,요식/유흥,0.24728302657604218,1,송이,2023-04-03,21,10500
313,2508513,9440-9469-2724-7629,요식/유흥,0.18735145032405853,1,(유) 김김김,2023-07-07,17,10000
314,2508514,9440-9469-2724-7629,요식/유흥,0.18735145032405853,1,주식회사 이,2023-09-26,13,10000
315,2508515,9440-9469-2724-7629,음/식료품,0.2309589684009552,1,강한김,2023-09-30,15,35000
316,2508516,9440-9469-2724-7629,의류/잡화,0.12278415262699127,1,김박,2023-08-16,14,61000
317,2508517,9440-9469-2724-7629,요식/유흥,0.2765985131263733,1,(유) 김손박,2023-04-08,11,12000
318,2508518,9440-9469-2724-7629,요식/유흥,0.2765985131263733,1,주식회사 안,2023-03-02,8,1800
319,2508519,9440-9469-2724-7629,요식/유흥,0.09997852146625519,1,주식회사 박강김,2023-06-07,19,15000
320,2508520,9440-9469-2724-7629,미용,0.2386857271194458,1,한장김,2023-10-04,15,97000
321,2508521,9440-9469-2724-7629,요식/유흥,0.2840297520160675,1,(주) 김전김,2023-06-08,17,8800
322,2508522,9440-9469-2724-7629,요식/유흥,0.18735145032405853,1,(유) 박송주,2023-07-07,18,18000
323,2508523,9440-9469-2724-7629,의료,0.14194978773593903,1,(유) 윤,2023-05-07,15,5500
324,2508524,9440-9469-2724-7629,유통,0.2439495325088501,1,이김고,2023-03-31,12,6500
325,2508525,9440-9469-2724-7629,스포츠/문화/레저,0.31820932030677795,1,최장김,2023-04-06,21,54000
326,2508526,9440-9469-2724-7629,요식/유흥,0.2765985131263733,1,(주) 김류김,2023-03-31,18,3800
327,2508527,9440-9469-2724-7629,요식/유흥,0.18735145032405853,1,박황,2023-06-07,13,8000
328,2508528,9440-9469-2724-7629,요식/유흥,0.24728302657604218,1,(주) 오,2023-07-21,14,10500
329,2508529,9440-9469-2724-7629,스포츠/문화/레저,0.07929727435112,1,주식회사 박,2023-04-25,19,14500
330,2508530,9440-9469-2724-7629,유통,0.25961488485336304,1,주식회사 이허이,2023-09-04,17,14500
331,2508531,9440-9469-2724-7629,유통,0.20124712586402893,1,김허,2023-05-02,14,45000
332,2508532,9440-9469-2724-7629,스포츠/문화/레저,0.07929727435112,1,주식회사 김김이,2023-07-21,19,33900
333,2508533,9440-9469-2724-7629,의료,0.19163446128368378,1,이이윤,2023-06-25,16,21300
334,2508534,9440-9469-2724-7629,의류/잡화,0.14098015427589417,1,장서진,2023-05-08,13,47000
335,2508535,9440-9469-2724-7629,스포츠/문화/레저,0.06646712124347687,1,이김이,2023-03-18,21,15000
336,2508536,9440-9469-2724-7629,요식/유흥,0.18735145032405853,40,황김최,2023-08-24,20,10000
337,2508537,9440-9469-2724-7629,의류/잡화,0.12968142330646515,40,배서,2023-04-29,17,110000
338,2508538,9440-9469-2724-7629,의류/잡화,0.14098015427589417,1,유한회사 김,2023-09-26,15,111000
339,2508539,9440-9469-2724-7629,유통,0.20124712586402893,1,유한회사 류,2023-05-12,9,75000
340,2508540,9440-9469-2724-7629,유통,0.25961488485336304,1,조박,2023-07-16,20,3500
341,2508541,9440-9469-2724-7629,요식/유흥,0.2765985131263733,1,(주) 박,2023-06-15,20,15000
342,2508542,9440-9469-2724-7629,스포츠/문화/레저,0.07929727435112,1,박김,2023-07-09,19,5600
343,2508543,9440-9469-2724-7629,의류/잡화,0.12278415262699127,1,(유) 김이민,2023-05-09,17,107000
344,2508544,9440-9469-2724-7629,유통,0.25961488485336304,1,주박권,2023-05-02,2,26400
345,2508545,9440-9469-2724-7629,유통,0.25961488485336304,1,김류,2023-04-13,22,17900
346,2508546,9440-9469-2724-7629,요식/유흥,0.2765985131263733,1,문권이,2023-05-04,17,10500
347,2508547,9440-9469-2724-7629,유통,0.25961488485336304,1,주식회사 심,2023-05-12,21,25700
348,2508548,9440-9469-2724-7629,유통,0.25961488485336304,1,김김최,2023-07-21,12,29100
349,2508549,9440-9469-2724-7629,의류/잡화,0.12968142330646515,40,김강,2023-03-21,17,135000
350,2508550,9440-9469-2724-7629,스포츠/문화/레저,0.16297629475593567,1,유한회사 박박김,2023-04-27,13,39000
351,2508551,9440-9469-2724-7629,스포츠/문화/레저,0.07929727435112,1,이박,2023-08-29,19,18300
352,2508552,9440-9469-2724-7629,요식/유흥,0.24728302657604218,1,유한회사 서,2023-07-09,18,8800
353,2508553,9440-9469-2724-7629,요식/유흥,0.5215029120445251,1,권서,2023-07-28,21,8700
354,2508554,9440-9469-2724-7629,요식/유흥,0.18735145032405853,1,이김,2023-07-07,14,18000
355,2508555,9440-9469-2724-7629,유통,0.25961488485336304,1,(주) 김,2023-04-14,16,16600
356,2508556,9440-9469-2724-7629,요식/유흥,0.24728302657604218,1,김박,2023-04-14,14,4100
357,2508557,9440-9469-2724-7629,의류/잡화,0.12278415262699127,40,(유) 김박박,2023-06-22,13,68000
358,2508558,9440-9469-2724-7629,유통,0.25961488485336304,40,(주) 전장엄,2023-07-12,15,21700
359,2508559,9440-9469-2724-7629,의류/잡화,0.12278415262699127,1,주식회사 이,2023-08-12,16,42000
360,2508560,9440-9469-2724-7629,요식/유흥,0.24728302657604218,40,김손,2023-03-07,18,5600
361,2508561,9440-9469-2724-7629,유통,0.25961488485336304,1,이박,2023-06-17,9,9800
362,2508562,9440-9469-2724-7629,스포츠/문화/레저,0.06646712124347687,1,진최,2023-10-04,20,124000
363,2508563,9440-9469-2724-7629,요식/유흥,0.24728302657604218,1,이노이,2023-03-16,9,4100
364,2508564,9440-9469-2724-7629,유통,0.2117166668176651,1,고안,2023-08-10,14,21000
365,2508565,9440-9469-2724-7629,유통,0.2439495325088501,1,김이나,2023-09-10,19,14000
366,2508566,9440-9469-2724-7629,요식/유흥,0.09997852146625519,1,유한회사 박김박,2023-09-23,12,8000
367,2508567,9440-9469-2724-7629,유통,0.25961488485336304,1,배안,2023-09-29,3,9200
368,2508568,9440-9469-2724-7629,여행/교통,0.1972959339618683,1,(주) 이노윤,2023-09-15,17,396000
369,2508569,9440-9469-2724-7629,음/식료품,0.03156672790646553,1,(주) 김최장,2023-04-24,14,34000
370,2508570,9440-9469-2724-7629,의류/잡화,0.14098015427589417,1,류박,2023-05-27,16,46000
371,2508571,9440-9469-2724-7629,스포츠/문화/레저,0.16449175775051117,1,박윤강,2023-04-08,17,47000
372,2508572,9440-9469-2724-7629,스포츠/문화/레저,0.06646712124347687,1,최이우,2023-06-11,21,20000
373,2508573,9440-9469-2724-7629,요식/유흥,0.24728302657604218,40,주식회사 안,2023-08-22,11,4100
374,2508574,9440-9469-2724-7629,스포츠/문화/레저,0.07929727435112,1,(주) 김김박,2023-04-16,20,44700
375,2508575,9440-9469-2724-7629,스포츠/문화/레저,0.16297629475593567,1,류진,2023-08-19,14,37400
376,2508576,9440-9469-2724-7629,요식/유흥,0.09997852146625519,1,이박송,2023-09-05,14,46000
377,2508577,9440-9469-2724-7629,유통,0.25961488485336304,1,김박조,2023-07-08,1,3500
378,2508578,9440-9469-2724-7629,요식/유흥,0.2840297520160675,1,(유) 김이최,2023-10-05,20,18000
379,2508579,9440-9469-2724-7629,요식/유흥,0.2765985131263733,1,김허이,2023-06-20,19,5600
380,2508580,9440-9469-2724-7629,가전/가구,0.19005873799324036,1,양김,2023-09-16,13,150000
381,2508581,9440-9469-2724-7629,음/식료품,0.2309589684009552,1,김류,2023-07-31,12,42000
382,2508582,9440-9469-2724-7629,요식/유흥,0.18735145032405853,1,최신,2023-08-14,12,8000
383,2508583,9440-9469-2724-7629,여행/교통,0.1972959339618683,1,박박,2023-07-31,18,338000
384,2508584,9440-9469-2724-7629,요식/유흥,0.2840297520160675,1,양김오,2023-08-28,9,10500
385,2508585,9440-9469-2724-7629,음/식료품,0.2309589684009552,1,유한회사 홍박김,2023-09-29,19,39000
386,2508586,9440-9469-2724-7629,유통,0.2439495325088501,1,김김,2023-08-27,20,6500
387,2508587,9440-9469-2724-7629,스포츠/문화/레저,0.16297629475593567,1,유한회사 문,2023-08-01,12,18700
388,2508588,9440-9469-2724-7629,유통,0.20124712586402893,1,이김한,2023-03-15,14,21000
389,2508589,9440-9469-2724-7629,요식/유흥,0.24728302657604218,1,박이김,2023-10-03,18,5600
390,2508590,9440-9469-2724-7629,요식/유흥,0.18735145032405853,1,강최,2023-10-04,18,10000
391,2508591,9440-9469-2724-7629,의료,0.14194978773593903,1,주식회사 백,2023-10-02,16,15100
392,2508592,9440-9469-2724-7629,스포츠/문화/레저,0.07929727435112,1,주식회사 김,2023-08-13,20,44400
393,2508593,9440-9469-2724-7629,유통,0.2117166668176651,1,박안,2023-06-05,11,75000
394,2508594,9440-9469-2724-7629,요식/유흥,0.2765985131263733,1,류김,2023-05-26,14,7900
395,2508595,9440-9469-2724-7629,유통,0.25961488485336304,1,이김박,2023-03-10,11,7700
396,2508596,9440-9469-2724-7629,요식/유흥,0.2765985131263733,1,김한,2023-06-04,16,3800
397,2508597,9440-9469-2724-7629,스포츠/문화/레저,0.19489452242851257,1,이김허,2023-06-27,18,63000
398,2508598,9440-9469-2724-7629,요식/유흥,0.2765985131263733,1,문나김,2023-09-27,19,3800
399,2508599,9440-9469-2724-7629,요식/유흥,0.2840297520160675,1,김양,2023-08-26,9,12000
400,2508600,9440-9469-2724-7629,요식/유흥,0.2840297520160675,1,오박,2023-04-20,12,7900
401,2508601,9440-9469-2724-7629,요식/유흥,0.2840297520160675,1,김신,2023-09-27,21,18000
402,2508602,9440-9469-2724-7629,유통,0.25961488485336304,1,하김송,2023-07-16,1,7600
403,2508603,9440-9469-2724-7629,의류/잡화,0.12968142330646515,1,주식회사 김,2023-08-19,15,138000
404,2508604,9440-9469-2724-7629,스포츠/문화/레저,0.07929727435112,1,주식회사 오장조,2023-09-27,20,46500
405,2508605,9440-9469-2724-7629,스포츠/문화/레저,0.07929727435112,1,류김,2023-09-23,19,41600
406,2508606,9440-9469-2724-7629,요식/유흥,0.18735145032405853,1,김이김,2023-08-26,15,10000
407,2508607,9440-9469-2724-7629,요식/유흥,0.5215029120445251,1,(유) 양,2023-04-07,23,22700
408,2508608,9440-9469-2724-7629,요식/유흥,0.2765985131263733,1,손김,2023-10-07,15,4100
409,2508609,9440-9469-2724-7629,요식/유흥,0.09997852146625519,1,(주) 장,2023-05-29,17,18000
410,2508610,9440-9469-2724-7629,여행/교통,0.1972959339618683,1,양고장,2023-05-03,18,367000
411,2508611,9440-9469-2724-7629,유통,0.25961488485336304,1,(유) 김,2023-06-06,8,7000
412,2508612,9440-9469-2724-7629,스포츠/문화/레저,0.08852367103099823,1,(유) 박,2023-04-18,18,78000
413,2508613,9440-9469-2724-7629,유통,0.2117166668176651,40,배박송,2023-03-22,18,21000
414,2508614,9440-9469-2724-7629,가정생활/서비스,0.32030704617500305,1,유한회사 우오이,2023-09-16,12,92000
415,2508615,9440-9469-2724-7629,요식/유흥,0.24728302657604218,1,주식회사 양최이,2023-03-19,10,8800
416,2508616,9440-9469-2724-7629,음/식료품,0.28279080986976624,1,주식회사 성,2023-03-29,20,39000
417,2508617,9440-9469-2724-7629,요식/유흥,0.5215029120445251,1,최민홍,2023-10-07,21,17600
418,2508618,9440-9469-2724-7629,의류/잡화,0.12278415262699127,40,(유) 윤이이,2023-03-21,10,106000
419,2508619,9440-9469-2724-7629,미용,0.28070032596588135,1,고이임,2023-09-02,14,25000
420,2508620,9440-9469-2724-7629,요식/유흥,0.09997852146625519,1,이김박,2023-06-05,19,10000
421,2508621,9440-9469-2724-7629,요식/유흥,0.2840297520160675,1,이류,2023-07-16,9,4100
422,2508622,9440-9469-2724-7629,요식/유흥,0.18735145032405853,1,유한회사 이,2023-08-09,17,50000
423,2508623,9440-9469-2724-7629,스포츠/문화/레저,0.16297629475593567,1,이신김,2023-05-28,12,22800
424,2508624,9440-9469-2724-7629,여행/교통,0.25128963589668274,1,송이박,2023-08-12,17,399000
425,2508625,9440-9469-2724-7629,스포츠/문화/레저,0.31820932030677795,1,이김이,2023-09-02,18,43000
426,2508626,9440-9469-2724-7629,요식/유흥,0.18735145032405853,1,박허곽,2023-06-01,19,29000
427,2508627,9440-9469-2724-7629,요식/유흥,0.2765985131263733,1,유한회사 김고임,2023-07-10,10,7900
428,2508628,9440-9469-2724-7629,요식/유흥,0.24728302657604218,1,손이,2023-09-02,8,18000
429,2508629,9440-9469-2724-7629,요식/유흥,0.09997852146625519,1,유한회사 김김양,2023-04-24,13,25000
430,2508630,9440-9469-2724-7629,유통,0.33382269740104675,1,유한회사 김,2023-06-13,12,52000
431,2508631,9440-9469-2724-7629,요식/유흥,0.2765985131263733,1,유한회사 황,2023-10-07,20,4100
432,2508632,9440-9469-2724-7629,스포츠/문화/레저,0.08852367103099823,1,김하,2023-05-08,18,38000
433,2508633,9440-9469-2724-7629,요식/유흥,0.18735145032405853,1,(유) 김김양,2023-09-28,17,50000
434,2508634,9440-9469-2724-7629,유통,0.2117166668176651,1,주식회사 이김윤,2023-07-28,11,21000
435,2508635,9440-9469-2724-7629,요식/유흥,0.2840297520160675,1,노이안,2023-05-01,15,7900
436,2508636,9440-9469-2724-7629,스포츠/문화/레저,0.06646712124347687,1,최오,2023-03-29,20,15000
437,2508637,9440-9469-2724-7629,요식/유흥,0.2765985131263733,1,(주) 안,2023-03-31,21,1800
438,2508638,9440-9469-2724-7629,요식/유흥,0.18735145032405853,1,주식회사 윤,2023-04-06,11,18000
439,2508639,9440-9469-2724-7629,유통,0.25961488485336304,1,(유) 구,2023-08-20,3,9100
440,2508640,9440-9469-2724-7629,유통,0.2439495325088501,1,(주) 김,2023-06-06,19,6500
441,2508641,9440-9469-2724-7629,가정생활/서비스,0.32030704617500305,1,이배이,2023-06-16,17,30000
442,2508642,9440-9469-2724-7629,요식/유흥,0.18735145032405853,1,박박,2023-06-09,19,18000
443,2508643,9440-9469-2724-7629,요식/유흥,0.18735145032405853,1,(유) 김권구,2023-08-16,12,8000
444,2508644,9440-9469-2724-7629,스포츠/문화/레저,0.07929727435112,1,김김,2023-05-05,19,22900
445,2508645,9440-9469-2724-7629,스포츠/문화/레저,0.19489452242851257,1,박김,2023-06-06,18,90000
446,2508646,9440-9469-2724-7629,유통,0.33382269740104675,1,유한회사 장,2023-07-28,18,52000
447,2508647,9440-9469-2724-7629,요식/유흥,0.2840297520160675,1,(유) 송백윤,2023-05-28,10,7900
448,2508648,9440-9469-2724-7629,유통,0.20124712586402893,40,주식회사 서,2023-08-24,18,45000
449,2508649,9440-9469-2724-7629,여행/교통,0.25128963589668274,1,송강,2023-08-27,13,318000
450,2508650,9440-9469-2724-7629,요식/유흥,0.2765985131263733,1,유한회사 윤이신,2023-08-16,8,7900
451,2508651,9440-9469-2724-7629,유통,0.2117166668176651,1,(주) 김김김,2023-09-10,12,57000
452,2508652,9440-9469-2724-7629,유통,0.25961488485336304,1,최조,2023-05-23,14,11600
453,2508653,9440-9469-2724-7629,스포츠/문화/레저,0.16297629475593567,1,유한회사 이문최,2023-07-06,17,13900
454,2508654,9440-9469-2724-7629,유통,0.2117166668176651,1,(유) 최김문,2023-04-20,16,89000
455,2508655,9440-9469-2724-7629,유통,0.25961488485336304,1,이박,2023-09-24,19,12000
456,2508656,9440-9469-2724-7629,요식/유흥,0.2765985131263733,1,전권박,2023-03-17,8,9200
457,2508657,9440-9469-2724-7629,음/식료품,0.2309589684009552,1,(유) 조,2023-05-25,15,45000
458,2508658,9440-9469-2724-7629,요식/유흥,0.2840297520160675,1,주김이,2023-06-28,17,2500
459,2508659,9440-9469-2724-7629,의류/잡화,0.12278415262699127,1,오전,2023-07-18,20,76000
460,2508660,9440-9469-2724-7629,요식/유흥,0.09997852146625519,1,이김한,2023-09-21,18,50000
461,2508661,9440-9469-2724-7629,요식/유흥,0.09997852146625519,1,유한회사 오최이,2023-09-19,19,15000
462,2508662,9440-9469-2724-7629,요식/유흥,0.44218161702156067,1,이김,2023-08-16,20,3000
463,2508663,9440-9469-2724-7629,요식/유흥,0.2765985131263733,1,(주) 류,2023-07-30,18,18000
464,2508664,9440-9469-2724-7629,여행/교통,0.1779266893863678,1,(주) 권유이,2023-09-15,11,730000
465,2508665,9440-9469-2724-7629,스포츠/문화/레저,0.16449175775051117,1,유한회사 장,2023-09-13,20,70000
466,2508666,9440-9469-2724-7629,여행/교통,0.1972959339618683,1,최장,2023-09-12,18,388000
467,2508667,9440-9469-2724-7629,유통,0.2117166668176651,40,주식회사 류,2023-04-28,13,75000
468,2508668,9440-9469-2724-7629,스포츠/문화/레저,0.16297629475593567,1,류권,2023-08-26,16,28100
469,2508669,9440-9469-2724-7629,음/식료품,0.2309589684009552,40,윤최우,2023-06-23,15,48000
470,2508670,9440-9469-2724-7629,유통,0.33382269740104675,1,(주) 정,2023-09-11,16,68000
471,2508671,9440-9469-2724-7629,의류/잡화,0.12968142330646515,1,유한회사 이김민,2023-03-31,18,111000
472,2508672,9440-9469-2724-7629,요식/유흥,0.09997852146625519,1,성노,2023-05-24,14,25000
473,2508673,9440-9469-2724-7629,요식/유흥,0.2765985131263733,1,김이,2023-06-20,9,5600
474,2508674,9440-9469-2724-7629,요식/유흥,0.18735145032405853,1,(유) 박,2023-09-22,11,12000
475,2508675,9440-9469-2724-7629,요식/유흥,0.2840297520160675,1,노홍박,2023-05-11,12,2500
476,2508676,9440-9469-2724-7629,요식/유흥,0.09997852146625519,1,한박,2023-09-30,18,15000
477,2508677,9440-9469-2724-7629,유통,0.20124712586402893,1,유한회사 이,2023-05-31,10,57000
478,2508678,9440-9469-2724-7629,요식/유흥,0.2765985131263733,1,(유) 신,2023-09-06,16,15000
479,2508679,9440-9469-2724-7629,유통,0.33382269740104675,1,김고이,2023-04-21,18,68000
480,2508680,9440-9469-2724-7629,가정생활/서비스,0.32030704617500305,1,류박김,2023-05-04,14,90000
481,2508681,9440-9469-2724-7629,요식/유흥,0.09997852146625519,1,윤강,2023-07-09,16,18000
482,2508682,9440-9469-2724-7629,요식/유흥,0.18735145032405853,1,유한회사 홍김박,2023-06-27,11,29000
483,2508683,9440-9469-2724-7629,요식/유흥,0.18735145032405853,1,(주) 류김이,2023-06-28,13,15000
484,2508684,9440-9469-2724-7629,가정생활/서비스,0.19240517914295197,1,윤이,2023-05-16,11,58000
485,2508685,9440-9469-2724-7629,요식/유흥,0.09997852146625519,1,(유) 고송김,2023-07-18,20,32000
486,2508686,9440-9469-2724-7629,의류/잡화,0.14098015427589417,1,김이전,2023-06-08,16,123000
487,2508687,9440-9469-2724-7629,여행/교통,0.12582632899284363,1,주식회사 황,2023-03-11,22,50000
488,2508688,9440-9469-2724-7629,요식/유흥,0.18735145032405853,1,백윤,2023-07-09,12,18000
489,2508689,9440-9469-2724-7629,음/식료품,0.2309589684009552,40,(유) 이이이,2023-05-20,14,34000
490,2508690,9440-9469-2724-7629,여행/교통,0.1972959339618683,1,김안김,2023-07-28,15,226000
491,2508691,9440-9469-2724-7629,요식/유흥,0.2765985131263733,1,(유) 송이류,2023-09-19,17,5600
492,2508692,9440-9469-2724-7629,요식/유흥,0.2765985131263733,132,박김한,2023-07-25,18,4100
493,2508693,9440-9469-2724-7629,의류/잡화,0.12968142330646515,1,주식회사 이,2023-06-12,12,91000
494,2508694,9440-9469-2724-7629,의류/잡화,0.12278415262699127,132,(주) 김,2023-07-26,13,75000
495,2508695,9440-9469-2724-7629,스포츠/문화/레저,0.06646712124347687,132,(유) 이김황,2023-07-26,20,20000
496,2508696,9440-9469-2724-7629,요식/유흥,0.09997852146625519,1,박김최,2023-03-04,17,25000
497,2508697,9440-9469-2724-7629,음/식료품,0.28279080986976624,1,(주) 황안최,2023-09-01,18,27000
498,2508698,9440-9469-2724-7629,유통,0.2117166668176651,40,유한회사 손,2023-07-14,14,45000
499,2508699,9440-9469-2724-7629,요식/유흥,0.2840297520160675,1,김양,2023-04-06,21,9200
