,카드번호,업종,embedding_mode
0,2568-9238-5337-7494,한식,0.1789216
1,8568-8237-7432-8179,일식/중식/양식,0.21252921
2,2121-8556-5241-2103,한식,0.1789216
3,3646-4691-7628-1826,한식,0.1789216
4,5134-8145-7073-3081,한식,0.1789216
5,4510-8047-3201-4183,일식/중식/양식,0.21252921
6,7785-6076-3261-7428,일식/중식/양식,0.21252921
7,2032-9509-2405-5936,한식,0.1789216
8,5191-1160-8827-6904,한식,0.1789216
9,8445-7410-7443-9547,한식,0.1789216
10,9492-5517-8806-6588,한식,0.1789216
11,3512-4995-1112-1610,패션/잡화,0.14689642
12,8382-6718-7935-9519,한식,0.1789216
13,9110-8639-7421-8258,일식/중식/양식,0.21252921
14,6683-2540-3214-8501,일식/중식/양식,0.21252921
15,6060-2935-8482-9604,한식,0.1789216
16,8735-1626-3398-3116,일식/중식/양식,0.21252921
17,4461-8193-5866-5773,영화/공연,0.13615361
18,6862-7714-1990-6288,한식,0.1789216
19,7059-5351-5837-2874,편의점,0.1789216
20,5558-9964-6650-5152,일식/중식/양식,0.21252921
21,5003-7292-1380-6077,한식,0.1789216
22,2160-2692-9177-4916,영화/공연,0.13615361
23,8046-3231-6516-1179,한식,0.1789216
24,9154-1174-8935-9710,일식/중식/양식,0.20449206
25,9212-4047-1488-9743,일식/중식/양식,0.21252921
26,5328-5843-3618-4423,일식/중식/양식,0.21252921
27,5493-3977-6048-8295,한식,0.1789216
28,9262-7119-1243-9078,한식,0.1789216
29,7650-3815-1571-1269,한식,0.1789216
30,2832-4603-4835-4225,편의점,1.0
31,9896-4691-1185-7311,제과점,0.1789216
32,2907-4860-9996-5859,실내골프/헬스,0.16560361
33,4011-1916-1810-1616,한식,0.1789216
34,5494-8439-5578-3623,일식/중식/양식,0.1789216
35,2160-3130-7887-2721,백화점,0.1789216
36,9184-7406-3264-1489,일식/중식/양식,0.21252921
37,5453-1316-2209-5115,한식,0.1789216
38,5141-6586-7836-8408,일식/중식/양식,0.21252921
39,4470-2284-7547-9074,스포츠시설,0.30218038
40,8812-7793-8875-5960,일식/중식/양식,0.1789216
41,3176-8539-7935-6582,한식,0.1789216
42,9879-7656-5509-2229,한식,0.1789216
43,9000-4189-3187-9502,한식,0.1789216
44,1877-7010-7503-9818,한식,0.1789216
45,5145-1674-3419-7850,한식,0.1789216
46,6006-3274-2154-6013,한식,0.1789216
47,9637-9767-3974-9044,한식,0.1789216
48,2415-2638-4987-6094,한식,0.1789216
49,3690-6899-8663-3313,한식,0.1789216
50,2392-5463-6717-8557,편의점,1.0
51,1655-5960-8873-1140,한식,0.1789216
52,4056-2297-7749-8180,한식,0.1789216
53,2090-9847-8697-1281,한식,0.1789216
54,3017-1574-6492-8784,한식,0.1789216
55,6005-1305-2512-2932,한식,0.1789216
56,1064-2658-8157-6010,커피전문점,0.1789216
57,3128-1755-1831-7923,한식,0.1789216
58,5052-5226-7346-2551,한식,0.1789216
59,9176-6482-7067-9845,한식,0.1789216
60,3950-4498-1870-5274,한식,0.1789216
61,8050-7138-3311-6107,한식,0.1789216
62,3498-6493-4791-9296,한식,0.1789216
63,1035-1948-7300-8144,한식,0.1789216
64,3350-9254-5743-3777,한식,0.1789216
65,3095-2941-1011-7595,한식,0.1789216
66,9733-1018-7904-7659,한식,0.1789216
67,8808-6806-5449-9000,한식,0.1789216
68,6098-1796-1865-6180,패스트푸드,0.3720898
69,6754-5224-2202-3313,한식,0.1789216
70,7557-8978-3238-2420,한식,0.1789216
71,5014-3568-2967-4389,일식/중식/양식,0.21252921
72,1247-2856-6952-7819,편의점,1.0
73,3454-7983-5462-4209,한식,0.1789216
74,2093-7208-1989-1191,한식,0.1789216
75,9519-8489-5544-4357,한식,0.1789216
76,3508-5382-8037-9747,한식,0.1789216
77,7349-6126-5595-4108,한식,0.1789216
78,2740-3288-8883-5206,한식,0.1789216
79,4151-6628-6542-2800,커피전문점,0.4395384
80,8107-1063-4959-4861,일식/중식/양식,0.21252921
81,1231-4634-3011-9322,한식,0.1789216
82,4940-7005-5359-8521,한식,0.1789216
83,5571-4226-3770-2421,실내골프/헬스,0.16560361
84,7711-5504-6995-1142,한식,0.1789216
85,9925-8915-8918-7760,한식,0.1789216
86,1046-3992-3931-7878,한식,0.1789216
87,5921-2878-6782-5035,한식,0.1789216
88,8445-8414-5091-2324,일식/중식/양식,0.21252921
89,4769-4407-3945-1445,한식,0.1789216
90,4230-1086-2472-4878,한식,0.1789216
91,6080-6727-4738-5058,한식,0.1789216
92,3892-2910-7583-9894,한식,0.1789216
93,3274-8893-8306-1411,한식,0.1789216
94,2607-8384-6461-9498,한식,0.1789216
95,5099-7453-6301-5442,일식/중식/양식,0.1789216
96,4524-5229-3946-7882,한식,0.1789216
97,5055-9491-8633-3521,일식/중식/양식,0.21252921
98,7363-6492-4981-2640,한식,0.1789216
99,4608-6001-4433-1388,한식,0.1789216
100,1072-3777-5052-9386,일식/중식/양식,0.1789216
101,6946-9686-2161-7735,한식,0.1789216
102,2758-7841-8025-1454,한식,0.1789216
103,1122-3287-3010-1399,한식,0.1789216
104,7014-7644-9935-5786,한식,0.1789216
105,3017-1259-8575-5556,일식/중식/양식,0.21252921
106,7635-3282-6546-8543,한식,0.1789216
107,8989-1131-1287-1023,한식,0.1789216
108,2003-4417-9794-4041,한식,0.1789216
109,2362-4799-1798-2956,패스트푸드,0.3720898
110,7687-2315-7081-2722,한식,0.1789216
111,1125-6436-1209-2975,일식/중식/양식,0.21252921
112,9441-6458-5104-3660,한식,0.1789216
113,5550-3388-2220-6801,한식,0.1789216
114,6616-3062-1531-5174,한식,0.1789216
115,2057-4366-9682-7332,한식,0.1789216
116,9486-7723-1387-7000,한식,0.1789216
117,9115-6064-2244-1389,일식/중식/양식,0.21252921
118,4658-8940-6463-5586,일식/중식/양식,0.21252921
119,9283-1530-5865-9090,한식,0.1789216
120,9076-4428-9374-2674,영화/공연,0.13615361
121,3558-7566-1496-2088,한식,0.1789216
122,3328-2473-1892-4789,한식,0.1789216
123,6211-1353-9909-8157,한식,0.1789216
124,7333-2107-8234-7038,한식,0.1789216
125,8552-5527-6467-8915,한식,0.1789216
126,6728-4895-8319-2099,한식,0.1789216
127,8743-8532-4126-7134,한식,0.1789216
128,5144-5817-4613-2300,한식,0.1789216
129,6324-6725-8890-3325,한식,0.1789216
130,5966-4842-5377-4898,한식,0.1789216
131,5141-3796-3882-1396,편의점,1.0
132,9068-9493-7682-3450,일식/중식/양식,0.21252921
133,3273-9809-7877-4086,커피전문점,0.4395384
134,5616-1334-8520-4483,일식/중식/양식,0.21252921
135,9043-4544-1242-8909,일식/중식/양식,0.21252921
136,1279-7258-9002-1646,한식,0.1789216
137,8270-1537-1414-2632,한식,0.1789216
138,1325-5770-8659-9037,한식,0.1789216
139,7504-6033-8799-7395,한식,0.1789216
140,3949-1477-3297-1030,한식,0.1789216
141,8142-8373-5822-1045,한식,0.1789216
142,3177-6678-6157-1683,한식,0.1789216
143,6991-4978-8719-7405,한식,0.1789216
144,3833-7648-2847-8447,한식,0.1789216
145,5495-8144-7702-8899,한식,0.1789216
146,8286-4328-1628-5334,한식,0.1789216
147,5511-1561-5903-5516,패션/잡화,0.14689642
148,4155-2018-7911-6596,일식/중식/양식,0.21252921
149,6846-9038-6837-4457,한식,0.1789216
150,2397-6928-5718-8889,편의점,1.0
151,2494-2614-1941-3469,일식/중식/양식,0.21252921
152,1797-7774-3598-7711,커피전문점,0.1789216
153,6979-1339-8545-8063,한식,0.1789216
154,1690-6395-9015-5365,한식,0.1789216
155,3646-1674-1084-2058,일식/중식/양식,0.21252921
156,1078-7776-1013-7265,한식,0.1789216
157,8598-1519-9736-3737,한식,0.1789216
158,4438-8002-8232-7349,패션/잡화,0.14689642
159,5326-9723-6313-4698,일식/중식/양식,0.21252921
160,7147-3902-2678-6399,한식,0.1789216
161,9399-5919-1731-1612,한식,0.1789216
162,9911-1407-8965-6563,한식,0.1789216
163,2756-4715-6799-6720,일식/중식/양식,0.21252921
164,2915-5040-2831-4139,한식,0.1789216
165,9454-3626-5829-3343,일식/중식/양식,0.21252921
166,6594-9268-6483-8003,한식,0.1789216
167,3534-8027-3268-5787,일식/중식/양식,0.21252921
168,7039-2789-3258-9077,일식/중식/양식,0.21252921
169,2189-9939-1700-1030,생활서비스,0.33016083
170,9293-9035-5110-1874,일식/중식/양식,0.21252921
171,5748-7599-6443-6059,한식,0.1789216
172,8404-4571-7062-9475,한식,0.1789216
173,8005-6635-8042-8428,한식,0.1789216
174,9209-3030-1885-9302,한식,0.1789216
175,5344-1724-1729-3922,일식/중식/양식,0.21252921
176,9381-4265-3923-1132,한식,0.1789216
177,5180-1225-7848-4945,한식,0.1789216
178,4185-7339-9824-1649,한식,0.1789216
179,1587-4446-4773-4507,한식,0.1789216
180,1133-4931-4713-7372,한식,0.1789216
181,9917-4025-5914-9663,한식,0.1789216
182,6260-8143-8462-5624,커피전문점,0.4395384
183,8372-7473-2833-5133,한식,0.1789216
184,2673-5838-9227-2021,일식/중식/양식,0.1789216
185,1269-1455-6813-5281,한식,0.1789216
186,1172-5818-5871-4308,일식/중식/양식,0.21252921
187,5115-5880-6178-2206,한식,0.1789216
188,9472-2334-2673-9740,한식,0.1789216
189,7210-4804-6533-4050,한식,0.1789216
190,3103-2338-1045-5155,한식,0.1789216
191,1092-6699-3485-3196,한식,0.1789216
192,5055-4042-3544-5241,한식,0.1789216
193,7356-9875-5309-5014,한식,0.1789216
194,6505-1692-4235-8757,한식,0.1789216
195,6426-8749-7247-9775,한식,0.1789216
196,3006-9631-1338-9468,한식,0.1789216
197,3886-5440-7927-9902,한식,0.1789216
198,5584-6152-5493-6769,한식,0.1789216
199,4223-5051-2596-4831,한식,0.1789216
200,7423-7898-8658-9562,제과점,0.43229064
201,1613-8078-1943-1337,유흥주점,0.229173
202,4758-6466-7345-8951,한식,0.1789216
203,8601-1104-9229-4343,한식,0.1789216
204,4891-8037-5118-5121,한식,0.1789216
205,1959-5327-9234-7602,한식,0.1789216
206,7191-1555-6559-3594,한식,0.1789216
207,7471-7608-9678-9450,한식,0.1789216
208,1109-9888-5069-8985,한식,0.1789216
209,9234-7853-3484-1731,한식,0.1789216
210,2668-5645-2394-3678,편의점,1.0
211,1422-9238-7248-6133,커피전문점,0.4395384
212,6747-7930-6859-7037,한식,0.1789216
213,8294-7808-5051-8893,한식,0.1789216
214,9386-7625-6183-8183,한식,0.1789216
215,2230-3548-1161-3446,일식/중식/양식,0.21252921
216,2398-1770-2340-4899,한식,0.1789216
217,7751-7387-9603-1579,한식,0.1789216
218,6366-8516-5390-3301,영화/공연,0.13615361
219,6925-1636-9032-2415,한식,0.1789216
220,5521-9955-4298-3891,일식/중식/양식,0.1789216
221,4540-1395-7725-3539,일식/중식/양식,0.21252921
222,1023-3310-5894-4575,일식/중식/양식,0.1789216
223,4320-2419-1987-9884,한식,0.1789216
224,6915-3321-8646-8079,한식,0.1789216
225,4152-7797-7242-9879,한식,0.1789216
226,4545-7327-3191-8104,한식,0.1789216
227,8896-1428-2807-3687,한식,0.1789216
228,7843-4163-6244-2147,한식,0.1789216
229,2056-9096-5388-1082,한식,0.1789216
230,8696-9482-7958-7037,한식,0.1789216
231,3833-3929-6856-5263,한식,0.1789216
232,4038-5631-6070-6163,한식,0.1789216
233,7982-4189-5159-6630,한식,0.1789216
234,3116-4170-6336-4147,영화/공연,0.13615361
235,7986-6766-6966-8094,한식,0.1789216
236,4044-6790-6944-8236,한식,0.1789216
237,6005-6702-1874-3104,한식,0.1789216
238,4920-2737-6151-9909,한식,0.1789216
239,3756-8518-8091-3215,실내골프/헬스,0.16560361
240,4189-3877-2096-3545,한식,0.1789216
241,6103-2764-9483-2271,한식,0.1789216
242,2485-9067-2174-8549,한식,0.1789216
243,6918-7664-6627-5104,일식/중식/양식,0.21252921
244,3766-7828-9039-7062,한식,0.1789216
245,1011-5459-9192-2560,커피전문점,0.4395384
246,9206-7446-6009-4357,한식,0.1789216
247,5709-9463-1114-2927,영화/공연,0.13615361
248,2839-1829-5965-4526,한식,0.1789216
249,2915-7782-5214-4178,한식,0.1789216
250,7324-4617-1284-5400,일식/중식/양식,0.21252921
251,8831-4080-5898-8287,한식,0.1789216
252,2525-4666-7092-4706,한식,0.1789216
253,6054-1272-8667-8457,영화/공연,0.13615361
254,9716-3283-2858-9135,한식,0.1789216
255,5784-1126-9047-4238,한식,0.1789216
256,1416-7220-7904-7464,한식,0.1789216
257,1686-4120-6389-1606,한식,0.1789216
258,6271-5728-5093-6893,한식,0.1789216
259,3407-7668-7118-6030,한식,0.1789216
260,2823-3305-8383-1711,한식,0.1789216
261,3588-8880-2635-1291,한식,0.1789216
262,2417-7497-3206-7277,한식,0.1789216
263,7495-8665-4017-5304,일식/중식/양식,0.21252921
264,7843-5056-9113-8206,한식,0.1789216
265,6144-7249-3831-5597,한식,0.1789216
266,8874-1465-5446-9236,생활서비스,0.33016083
267,3867-4430-6280-6982,한식,0.1789216
268,7281-1516-3200-2014,한식,0.1789216
269,6486-2871-7341-6150,편의점,1.0
270,3667-7391-7256-3875,슈퍼마켓,0.21252921
271,2046-3101-4700-5108,한식,0.1789216
272,4127-8510-3637-9053,커피전문점,0.1789216
273,7836-5355-7601-3158,제과점,0.43229064
274,3866-4534-4953-8119,한식,0.1789216
275,4265-3121-5779-3463,한식,0.1789216
276,4519-3493-7828-4719,유흥주점,0.229173
277,4633-4726-2979-2706,한식,0.1789216
278,6231-2677-7161-6160,한식,0.1789216
279,9934-5044-3763-7225,일식/중식/양식,0.1789216
280,6326-3241-6209-1511,한식,0.1789216
281,2812-8077-6368-1813,일식/중식/양식,0.21252921
282,7642-4455-6461-7254,한식,0.1789216
283,4116-9324-5861-4762,한식,0.1789216
284,4640-5072-1881-3868,일식/중식/양식,0.21252921
285,3969-7292-2568-3421,일식/중식/양식,0.21252921
286,3554-9342-5186-6438,한식,0.1789216
287,4217-3175-7574-6613,한식,0.1789216
288,4232-5160-9304-1670,한식,0.1789216
289,8142-4506-4873-2496,커피전문점,0.4395384
290,5162-4093-9331-7413,한식,0.1789216
291,9480-4324-1073-9034,한식,0.1789216
292,8179-6957-8379-5752,한식,0.1789216
293,2272-1836-9956-8437,커피전문점,0.4395384
294,7452-3230-2646-9946,한식,0.1789216
295,6914-3080-7132-7811,한식,0.1789216
296,9601-5711-1152-4756,한식,0.1789216
297,4908-2923-5077-5120,한식,0.1789216
298,8520-4140-6600-5141,일식/중식/양식,0.21252921
299,1708-4125-7253-1003,한식,0.1789216
300,6508-5505-5583-9140,일식/중식/양식,0.21252921
301,6924-3602-2085-4852,한식,0.1789216
302,1278-4158-5723-7148,한식,0.1789216
303,2815-9450-8479-7268,일식/중식/양식,0.21252921
304,4229-5917-5507-2166,한식,0.1789216
305,2208-1386-9285-6807,한식,0.1789216
306,9407-4714-2502-2157,한식,0.1789216
307,2694-3242-7402-6215,한식,0.1789216
308,9947-8680-7464-1386,일식/중식/양식,0.21252921
309,2298-6222-4650-2220,한식,0.1789216
310,7806-7789-1025-3372,한식,0.1789216
311,8950-2606-5382-4891,한식,0.1789216
312,6565-1991-1418-3151,한식,0.1789216
313,4957-9903-7298-9249,한식,0.1789216
314,8144-2962-7346-2789,한식,0.1789216
315,1144-4540-5484-5145,한식,0.1789216
316,6284-3625-5488-4401,한식,0.1789216
317,8393-7340-7303-4840,한식,0.1789216
318,1944-3025-2183-3910,한식,0.1789216
319,2432-8852-3252-4119,한식,0.1789216
320,4088-4865-3254-2762,편의점,1.0
321,1777-1718-1601-1208,한식,0.1789216
322,7615-7371-9145-2240,한식,0.1789216
323,3108-4432-2872-7483,백화점,0.412799
324,7018-6187-3141-2428,한식,0.1789216
325,7436-5541-8656-8600,생활서비스,0.33016083
326,6781-4059-4257-7309,영화/공연,0.13615361
327,3022-5625-5811-4386,한식,0.1789216
328,7607-6631-1158-2808,한식,0.1789216
329,1267-8700-3561-5295,한식,0.1789216
330,8083-8980-3055-9903,한식,0.1789216
331,7292-5678-8444-6239,한식,0.1789216
332,7812-6914-3877-4484,일식/중식/양식,0.1789216
333,1591-1142-5255-7200,일식/중식/양식,0.21252921
334,4806-1290-6806-5062,한식,0.1789216
335,1425-2578-9441-8672,일식/중식/양식,0.1789216
336,7148-7303-4018-8939,한식,0.1789216
337,5498-9978-9787-8116,한식,0.1789216
338,1832-6312-9513-2482,일식/중식/양식,0.21252921
339,3359-6654-1514-4696,한식,0.1789216
340,3937-9409-1528-8893,한식,0.1789216
341,1706-7407-8826-6179,유흥주점,0.229173
342,1399-8775-3703-3193,음/식료품,0.15072282
343,8541-7351-2640-4118,한식,0.1789216
344,8367-3021-3332-3306,일식/중식/양식,0.21252921
345,4287-8778-3141-3044,한식,0.1789216
346,6956-5702-5326-8249,한식,0.1789216
347,4262-2372-3392-4072,한식,0.1789216
348,3935-6837-2072-4511,한식,0.1789216
349,7263-7985-8036-4794,한식,0.1789216
350,9914-3124-7133-4125,한식,0.1789216
351,5669-9335-4229-9527,실내골프/헬스,0.16560361
352,6878-9376-1958-2715,한식,0.1789216
353,3276-9064-6281-7179,일식/중식/양식,0.21252921
354,5441-3379-9983-5805,한식,0.1789216
355,9387-4506-3251-5313,한식,0.1789216
356,6184-4879-7483-8273,한식,0.1789216
357,3887-9142-2355-8142,한식,0.1789216
358,9678-3609-5525-5326,한식,0.1789216
359,9053-6390-6664-3144,일식/중식/양식,0.21252921
360,6248-5619-2949-3762,커피전문점,0.4395384
361,6187-2268-3456-6604,한식,0.1789216
362,7117-3813-3749-1457,한식,0.1789216
363,4977-9108-8498-6291,한식,0.1789216
364,6113-1949-1512-4362,일식/중식/양식,0.21252921
365,4950-9595-6728-1935,한식,0.1789216
366,6960-9157-9271-6895,패스트푸드,0.3720898
367,9476-5334-2878-9689,한식,0.1789216
368,4457-9200-9906-1054,한식,0.1789216
369,2846-5977-3815-4540,일식/중식/양식,0.21252921
370,8135-2171-1240-7212,한식,0.1789216
371,2693-6653-2305-5217,한식,0.1789216
372,4746-3422-5639-6201,편의점,0.1789216
373,4173-6386-9986-1972,일식/중식/양식,0.21252921
374,4997-4476-3173-2000,한식,0.1789216
375,3678-9041-8345-6530,한식,0.1789216
376,6544-6144-5748-9868,한식,0.1789216
377,7546-3192-5612-3007,한식,0.1789216
378,1414-8682-1172-1359,한식,0.1789216
379,1028-3682-5876-1094,커피전문점,0.4395384
380,2833-6854-8676-6847,한식,0.1789216
381,2671-7432-6359-9739,한식,0.1789216
382,2443-9129-9491-9878,일식/중식/양식,0.1789216
383,4126-8888-9143-1314,한식,0.1789216
384,6434-7052-8287-5205,한식,0.1789216
385,6572-5225-9032-2235,한식,0.1789216
386,2866-2835-7118-7670,일식/중식/양식,0.21252921
387,7571-1133-8903-3145,한식,0.1789216
388,1145-5077-8868-2153,패스트푸드,0.3720898
389,9366-6223-3638-8595,일식/중식/양식,0.21252921
390,4352-1043-5190-7714,한식,0.1789216
391,8007-6576-4380-1941,한식,0.1789216
392,2575-6912-2581-8659,일식/중식/양식,0.21252921
393,8752-4143-2176-3532,한식,0.1789216
394,2077-7559-8799-7101,한식,0.1789216
395,4293-6045-3248-3140,일식/중식/양식,0.21252921
396,9782-6647-8672-5771,한식,0.1789216
397,9125-8229-4915-9137,한식,0.1789216
398,2822-8737-6871-6962,한식,0.1789216
399,5255-5150-8560-6617,일식/중식/양식,0.21252921
400,7359-3141-9006-6129,한식,0.1789216
401,6443-4873-4366-3089,한식,0.1789216
402,1995-8139-1764-7970,한식,0.1789216
403,8757-7633-9367-9454,한식,0.1789216
404,2455-3720-9696-5915,편의점,1.0
405,1679-8647-7118-7360,한식,0.1789216
406,8075-5345-8336-6470,한식,0.1789216
407,8042-9204-7952-8667,세탁소,0.3773235
408,4144-1474-9961-2913,한식,0.1789216
409,9963-1088-3196-4948,한식,0.1789216
410,1875-4156-7834-4042,일식/중식/양식,0.21252921
411,8404-4532-1143-4580,한식,0.1789216
412,8155-2472-7076-1544,한식,0.1789216
413,2786-7838-9066-1714,한식,0.1789216
414,1079-4601-9117-9721,일식/중식/양식,0.1789216
415,9010-8737-2237-5498,한식,0.1789216
416,2977-8921-5075-5076,일식/중식/양식,0.21252921
417,9436-2297-7990-7804,한식,0.1789216
418,9981-3542-9942-2032,한식,0.1789216
419,8155-6286-5014-7196,일식/중식/양식,0.21252921
420,2984-5666-2578-9161,한식,0.1789216
421,6838-8072-8107-6230,한식,0.1789216
422,3123-4757-9595-9830,한식,0.1789216
423,8920-4054-6620-8690,한식,0.1789216
424,1695-1571-6148-7478,일식/중식/양식,0.21252921
425,2752-1740-6839-9772,한식,0.1789216
426,6728-8834-6008-3926,한식,0.1789216
427,9396-3683-6036-5010,한식,0.1789216
428,8440-2261-3370-1764,한식,0.1789216
429,2352-4362-3218-3803,한식,0.1789216
430,2658-2539-2786-7211,한식,0.1789216
431,4022-8551-3414-7552,한식,0.1789216
432,7764-1450-6904-7926,한식,0.1789216
433,5884-9576-8182-4062,한식,0.1789216
434,6373-9013-7326-3327,한식,0.1789216
435,8480-6888-1032-6698,편의점,1.0
436,1195-5320-2264-3015,한식,0.1789216
437,2708-8374-9730-5133,한식,0.1789216
438,3644-5594-4340-2975,한식,0.1789216
439,9338-6465-1601-4982,한식,0.1789216
440,2766-6245-2623-9745,한식,0.1789216
441,7508-5919-3857-2453,영화/공연,0.13615361
442,9275-5450-9195-3250,한식,0.1789216
443,2165-4140-8848-2255,한식,0.1789216
444,3372-3986-9440-7165,한식,0.1789216
445,4694-4553-8720-3119,한식,0.1789216
446,8521-3254-8323-6645,한식,0.1789216
447,9653-9600-9554-9113,커피전문점,0.1789216
448,1538-3690-9765-3300,한식,0.1789216
449,6997-1170-2394-7944,일식/중식/양식,0.21252921
450,2857-4167-5248-8493,일식/중식/양식,0.21252921
451,5890-9096-6270-3378,일식/중식/양식,0.21252921
452,4000-7785-1811-1106,한식,0.1789216
453,6141-1358-6560-2863,한식,0.1789216
454,3585-4753-7159-6996,일식/중식/양식,0.21252921
455,3482-2062-1225-3142,영화/공연,0.13615361
456,6963-3895-3233-5635,일식/중식/양식,0.21252921
457,5401-1500-4169-3094,일식/중식/양식,0.21252921
458,4762-6111-8109-7179,한식,0.1789216
459,8337-1525-2482-1912,한식,0.1789216
460,9235-1414-3199-4696,한식,0.1789216
461,4851-4331-2377-2370,한식,0.1789216
462,2406-8722-7107-7665,생활서비스,0.33016083
463,5137-3237-4327-2106,한식,0.1789216
464,2059-6870-1583-5309,한식,0.1789216
465,4641-4422-1966-9743,일식/중식/양식,0.21252921
466,9075-2488-9082-7531,일식/중식/양식,0.21252921
467,2522-9862-5761-2631,한식,0.1789216
468,4876-7419-2864-7999,한식,0.1789216
469,9153-4243-7873-3046,한식,0.1789216
470,3509-5825-8921-1178,한식,0.1789216
471,4710-8600-9005-1917,한식,0.1789216
472,2884-3702-4713-8178,한식,0.1789216
473,6513-9219-1926-1926,한식,0.1789216
474,2709-5755-8096-2042,한식,0.1789216
475,5208-7967-6618-8429,일식/중식/양식,0.21252921
476,9749-1138-3794-4513,일식/중식/양식,0.1789216
477,6109-3853-1850-4357,영화/공연,0.13615361
478,1510-8165-3045-8374,한식,0.1789216
479,2145-3240-2016-5561,일식/중식/양식,0.1789216
480,1851-4788-7556-3652,한식,0.1789216
481,2625-5687-8957-7473,한식,0.1789216
482,9730-7570-3167-4002,한식,0.1789216
483,9525-6167-1133-6236,한식,0.1789216
484,8520-7141-4396-6788,한식,0.1789216
485,6138-3928-6744-5424,한식,0.1789216
486,7450-2983-1864-5887,한식,0.1789216
487,9766-9979-6787-3523,일식/중식/양식,0.21252921
488,7065-3109-4997-4932,화장품,0.30081877
489,5599-7866-2810-4468,한식,0.1789216
490,5373-9217-2495-2579,한식,0.1789216
491,8078-7018-7327-3548,한식,0.1789216
492,5027-9706-2513-7746,한식,0.1789216
493,2508-7422-2372-1666,한식,0.1789216
494,1666-2012-6678-8060,실내골프/헬스,0.16560361
495,2194-7378-1967-9860,한식,0.1789216
496,9843-5581-9432-4561,일식/중식/양식,0.21252921
497,7220-1858-6031-3444,한식,0.1789216
498,7930-2313-9581-1014,편의점,1.0
499,4899-3300-4531-6839,한식,0.1789216
500,4576-4008-6280-1282,한식,0.1789216
501,4443-5019-8087-6783,한식,0.1789216
502,7839-3173-2215-9329,한식,0.1789216
503,3509-3620-5882-2971,한식,0.1789216
504,9301-2169-8976-4617,한식,0.1789216
505,9090-7643-4635-5036,한식,0.1789216
506,5327-8445-2918-4637,패스트푸드,0.3720898
507,3258-9607-6534-4527,한식,0.1789216
508,4319-1328-8239-5735,일식/중식/양식,0.21252921
509,7627-8570-3924-6239,한식,0.1789216
510,7765-6294-6855-3753,한식,0.1789216
511,9745-3561-2428-4541,한식,0.1789216
512,1316-6262-8590-4731,한식,0.1789216
513,2292-4146-5677-1954,한식,0.1789216
514,7471-5723-7142-9617,한식,0.1789216
515,8642-9276-6590-3756,일식/중식/양식,0.1789216
516,2244-6179-2793-9890,일식/중식/양식,0.21252921
517,4924-1641-8250-9425,한식,0.1789216
518,1879-4157-5339-9077,한식,0.1789216
519,2506-3853-9092-9096,한식,0.1789216
520,1879-4326-4698-9402,한식,0.1789216
521,6215-6978-9213-1439,실내골프/헬스,0.16560361
522,3107-3672-6272-9331,한식,0.1789216
523,8628-5074-3314-2039,일식/중식/양식,0.21252921
524,1267-8996-8894-8290,실내골프/헬스,0.16560361
525,6880-8651-9116-2768,한식,0.1789216
526,4198-7282-1657-1038,한식,0.1789216
527,6192-5610-2510-6404,일식/중식/양식,0.21252921
528,5706-2988-4761-3756,한식,0.1789216
529,7722-6001-2911-2119,한식,0.1789216
530,2540-3206-1032-2009,한식,0.1789216
531,2443-7626-9132-9907,한식,0.1789216
532,4632-7273-5535-6205,한식,0.1789216
533,7260-4930-8104-8973,한식,0.1789216
534,2787-6751-9231-7251,한식,0.1789216
535,9491-2420-8447-6292,한식,0.1789216
536,3373-2240-8851-9529,한식,0.1789216
537,6325-5685-2358-6821,미용실,0.1789216
538,6158-1904-4758-9944,한식,0.1789216
539,6646-9863-6876-8337,편의점,1.0
540,6415-7566-8944-1915,일식/중식/양식,0.21252921
541,2882-4526-1305-9651,한식,0.1789216
542,6108-3392-1319-4315,한식,0.1789216
543,2440-6235-5261-7483,한식,0.1789216
544,4174-5692-3523-3877,한식,0.1789216
545,4758-2295-5863-7241,한식,0.1789216
546,6888-5624-3373-3021,한식,0.1789216
547,3792-2475-6877-3662,한식,0.1789216
548,4408-5572-7483-7394,취미/오락,0.12304584
549,7629-5841-3362-7847,실내골프/헬스,0.16560361
550,5871-9301-6139-1240,한식,0.1789216
551,5789-1722-9240-4835,한식,0.1789216
552,8095-6895-7839-6853,한식,0.1789216
553,2653-7925-6224-7853,한식,0.1789216
554,3466-2231-1463-9849,한식,0.1789216
555,8884-6930-2855-3412,일식/중식/양식,0.21252921
556,8928-2104-7571-8564,편의점,1.0
557,9777-9980-1478-7076,한식,0.1789216
558,1149-9368-4882-9106,한식,0.1789216
559,4586-9755-6470-4216,한식,0.1789216
560,7270-6337-4013-7841,한식,0.1789216
561,5010-8937-7286-4243,영화/공연,0.13615361
562,4288-8145-1194-9066,한식,0.1789216
563,4245-4268-5570-5644,영화/공연,0.13615361
564,9279-4093-7971-7562,커피전문점,0.4395384
565,6493-7977-1376-9622,한식,0.1789216
566,1101-8331-3153-3172,한식,0.1789216
567,7376-4917-5761-1897,한식,0.1789216
568,5730-1478-6379-4732,실내골프/헬스,0.16560361
569,5467-4623-7310-9902,한식,0.1789216
570,5495-4176-5487-5999,한식,0.1789216
571,7387-8548-2661-5265,한식,0.1789216
572,7891-9145-1220-6287,일식/중식/양식,0.21252921
573,2687-7792-1598-9066,한식,0.1789216
574,7045-4906-8118-4218,일식/중식/양식,0.21252921
575,1445-4659-7298-1837,일식/중식/양식,0.1789216
576,1088-5263-1060-2344,한식,0.1789216
577,4440-3231-6911-1212,한식,0.1789216
578,6846-2542-7553-8093,영화/공연,0.13615361
579,9299-1407-3460-4260,한식,0.1789216
580,1460-8817-5359-4811,일식/중식/양식,0.21252921
581,1611-7003-3359-1289,한식,0.1789216
582,8575-1271-2411-9608,한식,0.1789216
583,3931-7340-9824-7508,한식,0.1789216
584,9047-4834-9653-4693,미용실,0.3773235
585,9315-1054-4914-2058,한식,0.1789216
586,4753-8776-4124-6128,한식,0.1789216
587,7754-8846-4357-8123,한식,0.1789216
588,3227-7133-7855-1920,한식,0.1789216
589,4762-2435-9266-7656,한식,0.1789216
590,6163-7409-6245-6748,일식/중식/양식,0.1789216
591,1851-4573-3251-2809,한식,0.1789216
592,4667-8199-5225-2598,한식,0.1789216
593,2166-7074-4352-6358,일식/중식/양식,0.21252921
594,8774-9826-9740-5533,한식,0.1789216
595,1296-6028-6073-2170,한식,0.1789216
596,2957-1475-9190-9260,한식,0.1789216
597,4659-3372-6100-5010,패스트푸드,0.3720898
598,9894-4647-4999-1708,한식,0.1789216
599,6311-2851-5343-6378,한식,0.1789216
600,3093-2215-2497-8925,한식,0.1789216
601,2938-3552-2028-5724,세탁소,0.3773235
602,5902-7429-9686-9508,한식,0.1789216
603,2826-9617-5944-3727,실내골프/헬스,0.16560361
604,4682-5547-8364-2833,한식,0.1789216
605,9717-9992-3891-3294,한식,0.1789216
606,6945-6378-3605-2780,한식,0.1789216
607,6718-8725-3581-7564,한식,0.1789216
608,3316-7085-5496-7080,한식,0.1789216
609,6913-5846-9843-2766,한식,0.1789216
610,7319-1470-1819-4024,한식,0.1789216
611,7713-8702-1977-6294,한식,0.1789216
612,7819-4766-8513-5540,한식,0.1789216
613,2374-8018-9514-3714,한식,0.1789216
614,1568-5957-5573-6970,한식,0.1789216
615,2643-5711-8736-3739,제과점,0.43229064
616,7887-7458-6620-7889,일식/중식/양식,0.21252921
617,6912-4210-7268-2706,한식,0.1789216
618,9462-7058-3714-3065,일식/중식/양식,0.21252921
619,1124-6572-7908-6213,일식/중식/양식,0.21252921
620,5042-5751-2460-2235,일식/중식/양식,0.21252921
621,4745-1474-3042-4481,한식,0.1789216
622,1894-7778-1073-9219,한식,0.1789216
623,8836-1748-6759-2451,한식,0.1789216
624,8469-4267-7478-3991,한식,0.1789216
625,7868-6881-3701-9375,커피전문점,0.4395384
626,7381-4767-9567-6541,유흥주점,0.1789216
627,4119-8864-2860-4237,한식,0.1789216
628,8716-6740-6373-7531,일식/중식/양식,0.21252921
629,9378-2832-3117-4630,백화점,0.412799
630,2719-5249-4946-7389,한식,0.1789216
631,9123-1916-2987-7162,일식/중식/양식,0.21252921
632,7831-9729-9133-9355,한식,0.1789216
633,6647-6110-8251-3951,한식,0.1789216
634,8651-9961-6013-8264,한식,0.1789216
635,6747-9653-9638-8910,커피전문점,0.30081877
636,6785-4309-4205-8189,한식,0.1789216
637,3398-8210-9315-2586,한식,0.1789216
638,2175-2159-7605-5629,커피전문점,0.4395384
639,4209-8722-7866-7810,한식,0.1789216
640,2913-4317-9496-9397,패스트푸드,0.3720898
641,9481-1513-8594-8609,일식/중식/양식,0.21252921
642,8320-3320-9916-8630,한식,0.1789216
643,1403-2035-2826-4563,종합레저시설,0.20449206
644,6506-7522-9742-2896,한식,0.1789216
645,6597-8850-6689-3586,한식,0.1789216
646,1396-1473-7570-8409,한식,0.1789216
647,8320-3424-7546-5234,한식,0.1789216
648,6251-6857-8059-5974,커피전문점,0.4395384
649,7192-1203-8963-9175,한식,0.1789216
650,8343-9745-9114-6425,일식/중식/양식,0.21252921
651,9419-9980-1340-1304,커피전문점,0.4395384
652,8915-5745-3718-7653,커피전문점,0.1789216
653,4286-3053-1016-7638,한식,0.1789216
654,2289-3506-7988-6075,일식/중식/양식,0.21252921
655,9072-4783-5256-9000,한식,0.1789216
656,8815-6461-5462-3486,한식,0.1789216
657,2844-6229-2062-8331,한식,0.1789216
658,5201-7742-8264-2931,한식,0.1789216
659,7588-7463-5671-6948,패스트푸드,0.1789216
660,5278-8648-6410-7837,한식,0.1789216
661,7155-8898-1284-5598,일식/중식/양식,0.21252921
662,1115-8284-7300-2474,한식,0.1789216
663,7638-8445-1588-9583,커피전문점,0.4395384
664,3953-4096-8498-7841,일식/중식/양식,0.21252921
665,6689-5919-8789-8727,커피전문점,0.4395384
666,9163-9189-2060-8966,커피전문점,0.4395384
667,5624-1097-3712-1494,실내골프/헬스,0.16560361
668,7679-1862-5374-5941,일식/중식/양식,0.21252921
669,1714-6129-1122-2030,한식,0.1789216
670,1759-4755-2966-6780,한식,0.1789216
671,6465-8547-1741-3994,한식,0.1789216
672,3155-7424-7391-2693,영화/공연,0.13615361
673,4089-6243-4005-3939,한식,0.1789216
674,2409-7689-5298-4065,일식/중식/양식,0.21252921
675,3062-4274-6182-2570,편의점,0.1789216
676,8298-1948-6465-3300,일식/중식/양식,0.21252921
677,5423-8492-1040-3615,한식,0.1789216
678,9793-5496-2107-2150,한식,0.1789216
679,5177-6911-6937-2022,일식/중식/양식,0.21252921
680,7015-2656-1249-1590,한식,0.1789216
681,6277-9302-2169-3175,한식,0.1789216
682,2511-6036-3500-3894,한식,0.1789216
683,8301-4000-3531-1294,실외골프/스키,0.21021652
684,5596-7373-8635-3013,한식,0.1789216
685,2411-2545-2150-9269,일식/중식/양식,0.21252921
686,3475-5126-1735-3222,일식/중식/양식,0.21252921
687,8555-2667-1365-2482,일식/중식/양식,0.21252921
688,6218-5970-9697-9526,커피전문점,0.4395384
689,1952-4645-1183-3173,일식/중식/양식,0.21252921
690,3661-2372-1711-9028,한식,0.1789216
691,3449-6614-8634-4340,한식,0.1789216
692,9359-5829-7575-8121,한식,0.1789216
693,7649-5870-9890-7656,한식,0.1789216
694,7442-8386-8700-8044,한식,0.1789216
695,6667-1475-7099-7307,한식,0.1789216
696,3751-7296-7430-8743,종합레저시설,0.20449206
697,7624-7195-8925-1014,한식,0.1789216
698,9165-8387-1263-2415,한식,0.1789216
699,6190-6013-1850-7010,한식,0.1789216
700,5265-3853-6840-6780,실내골프/헬스,0.16560361
701,8251-4174-6535-7420,일식/중식/양식,0.21252921
702,5294-1537-2262-4575,편의점,1.0
703,3754-8587-1624-1804,실내골프/헬스,0.16560361
704,8248-6317-9562-8207,일식/중식/양식,0.1789216
705,7303-3264-6088-4054,일식/중식/양식,0.21252921
706,3413-7251-5426-3164,한식,0.1789216
707,9532-1463-4433-3996,한식,0.1789216
708,4180-6621-6843-6260,한식,0.1789216
709,2116-1276-1425-4234,일식/중식/양식,0.21252921
710,8994-5007-5513-1820,한식,0.1789216
711,1498-9623-7172-9950,한식,0.1789216
712,9848-9789-9451-9338,일식/중식/양식,0.21252921
713,2784-8726-9910-7130,한식,0.1789216
714,2108-5445-4155-7058,한식,0.1789216
715,1938-5380-9407-4971,한식,0.1789216
716,5771-8044-8448-2180,한식,0.1789216
717,1094-4751-7927-7521,한식,0.1789216
718,8628-6673-9016-2043,한식,0.1789216
719,4886-3511-7637-4168,일식/중식/양식,0.21252921
720,9720-9064-1071-7744,한식,0.1789216
721,1281-5853-5050-7404,일식/중식/양식,0.21252921
722,9764-1976-4019-4934,한식,0.1789216
723,8721-5512-8224-8227,커피전문점,0.4395384
724,1368-8721-9844-5347,한식,0.1789216
725,6119-4761-9893-7040,실내골프/헬스,0.16560361
726,3998-4207-6995-9985,한식,0.1789216
727,1351-9989-4274-3845,한식,0.1789216
728,7579-1280-6168-5685,한식,0.1789216
729,8822-7219-1320-4157,제과점,0.43229064
730,3765-3224-9032-1023,한식,0.1789216
731,1148-9266-7762-9900,한식,0.1789216
732,6733-3207-4079-3090,일식/중식/양식,0.21252921
733,3630-1633-4830-3195,한식,0.1789216
734,1809-5548-4524-1958,한식,0.1789216
735,5913-5546-6059-6748,한식,0.1789216
736,7615-1733-4238-3807,한식,0.1789216
737,1745-6712-3886-9908,한식,0.1789216
738,1374-3811-8824-6220,일식/중식/양식,0.1789216
739,6854-4895-4319-3525,한식,0.1789216
740,1975-2811-2124-9614,일식/중식/양식,0.1789216
741,8364-5216-8428-1849,한식,0.1789216
742,3941-8291-6131-8707,한식,0.1789216
743,1989-8009-3039-4020,일식/중식/양식,0.21252921
744,7277-8959-6699-6580,일식/중식/양식,0.21252921
745,7567-9854-4626-7997,한식,0.1789216
746,9387-2227-2212-3503,한식,0.1789216
747,1512-2294-1769-4696,한식,0.1789216
748,6577-5446-9003-2187,백화점,0.412799
749,4420-2960-8118-2524,한식,0.1789216
750,7031-4861-8073-5996,한식,0.1789216
751,4265-7390-5681-7456,한식,0.1789216
752,3226-8103-3295-7027,한식,0.1789216
753,1812-7389-7229-4493,한식,0.1789216
754,4213-3138-3633-4849,백화점,0.412799
755,3668-9293-2416-1837,일식/중식/양식,0.21252921
756,5673-2842-4943-5004,일식/중식/양식,0.21252921
757,4895-3516-1123-8503,한식,0.1789216
758,5344-1095-2798-7857,한식,0.1789216
759,5595-8529-8097-9976,커피전문점,0.4395384
760,3875-8472-1636-6035,한식,0.1789216
761,6929-6218-9720-7795,한식,0.1789216
762,7819-6696-9815-4448,한식,0.1789216
763,5396-1526-1393-3735,한식,0.1789216
764,7292-8720-8840-2161,일식/중식/양식,0.21252921
765,8807-7689-1005-6556,한식,0.1789216
766,2693-7628-9989-3644,한식,0.1789216
767,5564-4784-3870-8021,한식,0.1789216
768,5966-5788-9630-8906,커피전문점,0.4395384
769,3925-8684-6090-9525,일식/중식/양식,0.21252921
770,9570-7300-4472-3109,일식/중식/양식,0.21252921
771,1057-9347-9596-8722,커피전문점,0.4395384
772,9947-7578-9135-4408,한식,0.1789216
773,3325-1071-6191-4612,유흥주점,0.1789216
774,4980-7728-9071-5002,한식,0.1789216
775,4693-9371-3820-6813,한식,0.1789216
776,9737-5754-7310-5311,제과점,0.43229064
777,7837-9617-7890-1545,한식,0.1789216
778,6941-6276-2381-1117,한식,0.1789216
779,5725-7516-9166-2933,일식/중식/양식,0.21252921
780,1407-3038-4614-3448,한식,0.1789216
781,4109-2852-5939-5609,한식,0.1789216
782,5267-5013-5425-3979,한식,0.1789216
783,6525-9685-7170-6478,한식,0.1789216
784,5743-4237-2946-2402,한식,0.1789216
785,6490-2192-4782-4517,일식/중식/양식,0.1789216
786,9075-5082-5139-9633,일식/중식/양식,0.21252921
787,5277-7863-1485-2572,한식,0.1789216
788,1949-9962-7869-4485,한식,0.1789216
789,2232-7212-9837-2018,한식,0.1789216
790,2497-7841-4171-8589,한식,0.1789216
791,6219-8095-8060-6991,한식,0.1789216
792,3083-1428-5347-8478,일식/중식/양식,0.21252921
793,1370-5710-8406-2366,일식/중식/양식,0.21252921
794,2098-9388-1447-2029,한식,0.1789216
795,2941-3428-6272-6426,실내골프/헬스,0.16560361
796,7980-9706-3265-8203,한식,0.1789216
797,4301-9656-5115-1703,일식/중식/양식,0.21252921
798,7917-4102-8527-3392,일식/중식/양식,0.21252921
799,9973-4698-9406-4520,일식/중식/양식,0.21252921
800,7580-1769-9477-4919,한식,0.1789216
801,4987-3277-6192-9648,한식,0.1789216
802,8921-5926-1187-6690,한식,0.1789216
803,3619-2589-6368-8018,한식,0.1789216
804,6802-8366-9646-6208,한식,0.1789216
805,8422-9009-6884-5577,한식,0.1789216
806,4512-7542-8861-9554,한식,0.1789216
807,6353-4076-6755-6010,한식,0.1789216
808,5181-5851-5221-9207,한식,0.1789216
809,2021-5468-6200-8404,일식/중식/양식,0.21252921
810,7420-7805-4389-1595,한식,0.1789216
811,6442-2524-3815-5137,한식,0.1789216
812,3924-1985-4145-2366,일식/중식/양식,0.1789216
813,5546-5705-7772-9661,커피전문점,0.4395384
814,7562-9687-8935-6222,한식,0.1789216
815,3402-4966-5801-5888,한식,0.1789216
816,8524-6583-1982-3298,한식,0.1789216
817,4940-3238-7067-7328,한식,0.1789216
818,1582-6343-3206-6638,한식,0.1789216
819,7541-8604-4526-3916,한식,0.1789216
820,5739-9067-2819-9807,한식,0.1789216
821,6874-3175-5018-7541,한식,0.1789216
822,9480-5534-4754-5465,한식,0.1789216
823,1712-1782-6944-3205,한식,0.1789216
824,7938-1992-4369-3958,한식,0.1789216
825,5679-1374-5311-4836,한식,0.1789216
826,5755-8293-2183-1938,한식,0.1789216
827,8762-7567-1888-5236,일식/중식/양식,0.21252921
828,6347-9226-5608-7355,한식,0.1789216
829,6182-3362-4831-4358,한식,0.1789216
830,7943-2165-7200-8983,한식,0.1789216
831,2171-2105-6836-9904,일식/중식/양식,0.1789216
832,2096-9937-6691-2316,한식,0.1789216
833,9747-2964-8017-1084,한식,0.1789216
834,1699-1892-3503-9019,한식,0.1789216
835,1706-4317-3121-4360,한식,0.1789216
836,3267-7510-3539-3420,일식/중식/양식,0.21252921
837,9614-1407-7088-6600,한식,0.1789216
838,5359-4204-6267-5481,실내골프/헬스,0.16560361
839,5020-6995-6145-4779,한식,0.1789216
840,7396-2414-9796-5435,일식/중식/양식,0.21252921
841,3776-2732-6157-8576,한식,0.1789216
842,2243-6725-4791-2642,한식,0.1789216
843,3546-2978-7909-4503,미용실,0.21252921
844,6404-4051-3265-3050,한식,0.1789216
845,6105-1523-6308-1858,커피전문점,0.4395384
846,3616-5783-8054-3241,한식,0.1789216
847,3834-7734-4583-5953,한식,0.1789216
848,7736-7590-6009-1758,한식,0.1789216
849,7279-3708-9063-2390,한식,0.1789216
850,1817-7355-7987-7696,일식/중식/양식,0.21252921
851,2647-6564-9384-3114,한식,0.1789216
852,9661-4675-3500-9903,일식/중식/양식,0.21252921
853,8330-1940-7633-4093,할인점,0.42538986
854,2294-3454-6942-4334,일식/중식/양식,0.21252921
855,3792-8121-9784-9262,한식,0.1789216
856,1297-4208-7835-2689,일식/중식/양식,0.21252921
857,2198-4005-1579-1846,한식,0.1789216
858,1884-1340-7873-5862,한식,0.1789216
859,1839-5762-7132-3736,한식,0.1789216
860,5994-1023-9623-2450,한식,0.1789216
861,8126-6737-1849-3945,패스트푸드,0.3720898
862,8553-9339-1113-8951,일식/중식/양식,0.21252921
863,1889-8878-9085-9094,편의점,1.0
864,6807-4694-9697-1232,한식,0.1789216
865,3284-2587-5991-2213,한식,0.1789216
866,4180-1023-2748-4882,한식,0.1789216
867,4155-2528-5414-8371,실내골프/헬스,0.16560361
868,8590-5453-4580-9714,한식,0.1789216
869,1809-6802-6658-1604,한식,0.1789216
870,7484-6425-4033-1166,한식,0.1789216
871,1354-4691-2724-8939,한식,0.1789216
872,1348-8110-9933-5966,일식/중식/양식,0.21252921
873,8089-9953-3868-5202,한식,0.1789216
874,5202-3841-5750-6602,한식,0.1789216
875,4219-2207-5857-4571,한식,0.1789216
876,3889-2664-3055-7633,한식,0.1789216
877,6584-2865-5469-7448,한식,0.1789216
878,2106-5579-7204-7336,백화점,0.412799
879,9934-3872-1119-5810,한식,0.1789216
880,5858-1597-6053-3729,의복/의류,0.12503007
881,9524-3821-6980-2982,한식,0.1789216
882,3473-6767-1765-1338,한식,0.1789216
883,9159-8990-2129-5569,한식,0.1789216
884,3599-4440-2924-7364,일식/중식/양식,0.21252921
885,1745-8831-1786-7211,한식,0.1789216
886,8347-5763-9066-2230,한식,0.1789216
887,4475-3788-1737-7833,한식,0.1789216
888,7866-7140-1790-8009,한식,0.1789216
889,4155-3409-8244-4011,한식,0.1789216
890,2808-3245-7460-7421,한식,0.1789216
891,8350-1049-4690-7794,일식/중식/양식,0.21252921
892,7116-8267-8046-4505,한식,0.1789216
893,3155-9387-5472-7035,한식,0.1789216
894,2165-6426-7493-2196,한식,0.1789216
895,1622-4836-2406-7025,영화/공연,0.13615361
896,9302-6097-5430-6797,유흥주점,0.229173
897,4216-4680-5246-2480,일식/중식/양식,0.21252921
898,8837-2135-7291-2102,한식,0.1789216
899,4310-3773-7120-7166,한식,0.1789216
900,6129-2945-2024-7991,한식,0.1789216
901,5613-9198-3150-1950,한식,0.1789216
902,8908-4533-4856-8719,한식,0.1789216
903,6696-3752-3057-5023,일식/중식/양식,0.21252921
904,8275-8765-5013-3022,한식,0.1789216
905,3038-1253-3109-4094,일식/중식/양식,0.21252921
906,3149-4926-8437-2216,한식,0.1789216
907,1828-5802-9103-9970,한식,0.1789216
908,3313-6688-7898-4185,한식,0.1789216
909,4476-3094-1373-8367,일식/중식/양식,0.1789216
910,5371-2724-9306-4652,한식,0.1789216
911,2254-3530-3275-1220,일식/중식/양식,0.1789216
912,8337-9080-1329-1245,한식,0.1789216
913,8635-6100-2531-9984,한식,0.1789216
914,2929-7294-7434-6146,한식,0.1789216
915,9499-5904-3766-9886,한식,0.1789216
916,2057-4198-2694-9047,한식,0.1789216
917,2333-1824-3989-1831,한식,0.1789216
918,4763-9704-8843-4321,한식,0.1789216
919,5469-2117-9516-4679,한식,0.1789216
920,5112-9905-1998-4017,커피전문점,0.4395384
921,6290-8416-8634-2313,한식,0.1789216
922,1585-6440-1231-3489,한식,0.1789216
923,4075-8132-7381-6685,한식,0.1789216
924,9898-5661-7900-1160,한식,0.1789216
925,5317-7208-8102-8455,일식/중식/양식,0.21252921
926,4763-5835-9047-9694,일식/중식/양식,0.21252921
927,3172-7982-3276-7616,한식,0.1789216
928,9811-1933-7886-4150,커피전문점,0.4395384
929,3251-4229-9795-3261,한식,0.1789216
930,4940-5985-3038-3931,한식,0.1789216
931,8220-1157-3859-9101,백화점,0.12503007
932,8565-7927-8048-9059,일식/중식/양식,0.1789216
933,2098-1207-4240-1582,일식/중식/양식,0.21252921
934,5400-1612-4834-1804,유흥주점,0.1789216
935,4962-1938-2347-2460,한식,0.1789216
936,3627-7123-6467-7729,일식/중식/양식,0.21252921
937,3380-1645-2930-4962,한식,0.1789216
938,1031-7233-5362-9888,한식,0.1789216
939,2179-6062-2929-5807,한식,0.1789216
940,2030-2604-9843-6883,일식/중식/양식,0.1789216
941,5782-9838-3395-6657,일식/중식/양식,0.1789216
942,7770-3986-8344-2196,한식,0.1789216
943,2715-9472-4654-1472,한식,0.1789216
944,1545-5621-8320-5477,한식,0.1789216
945,7592-7440-9730-6800,일식/중식/양식,0.21252921
946,6670-6681-8889-4913,한식,0.1789216
947,2173-1935-3457-3174,한식,0.1789216
948,8327-3655-6140-1403,일식/중식/양식,0.1789216
949,8948-4564-2529-9025,한식,0.1789216
950,7162-3296-5330-1633,한식,0.1789216
951,4957-7870-7972-4356,일식/중식/양식,0.21252921
952,1731-9204-8736-1509,한식,0.1789216
953,1979-7514-2175-5032,한식,0.1789216
954,6701-5777-6571-9773,한식,0.1789216
955,1060-7289-4315-7593,한식,0.1789216
956,8549-3793-9640-5832,한식,0.1789216
957,3371-4737-2537-2454,제과점,0.43229064
958,6303-5675-2135-9949,유흥주점,0.229173
959,2299-7239-6818-7178,한식,0.1789216
960,6620-1086-5624-4405,한식,0.1789216
961,7116-7564-7943-2200,한식,0.1789216
962,8286-6565-6978-7303,한식,0.1789216
963,2134-8118-9886-8610,유흥주점,0.229173
964,1559-8965-9021-2178,일식/중식/양식,0.21252921
965,3286-9836-6827-5569,한식,0.1789216
966,9301-6944-4298-8925,한식,0.1789216
967,2540-2973-1346-3511,종합레저시설,0.20449206
968,8901-7924-5518-6346,한식,0.1789216
969,3427-6119-5895-8619,커피전문점,0.4395384
970,3733-9613-8398-7108,일식/중식/양식,0.21252921
971,9483-5928-6156-7189,한식,0.1789216
972,8190-9652-2225-6629,한식,0.1789216
973,7099-3107-8312-5958,일식/중식/양식,0.21252921
974,9045-1688-1903-5315,한식,0.1789216
975,9695-1502-8185-8426,한식,0.1789216
976,8419-4806-2888-2649,일식/중식/양식,0.21252921
977,7988-9700-9016-4354,한식,0.1789216
978,4444-4847-9594-1167,일식/중식/양식,0.21252921
979,4954-8082-4374-4807,한식,0.1789216
980,6376-9835-8816-5313,한식,0.1789216
981,9122-2083-9350-2171,한식,0.1789216
982,3479-7582-2602-7218,한식,0.1789216
983,7312-3529-2156-4063,한식,0.1789216
984,6847-2189-3219-4266,일식/중식/양식,0.21252921
985,5053-2194-2531-6426,일식/중식/양식,0.21252921
986,2917-6100-8452-7041,제과점,0.43229064
987,2396-7228-4594-5019,한식,0.1789216
988,8386-1916-5340-1485,한식,0.1789216
989,2203-4880-1399-7654,일식/중식/양식,0.1789216
990,6578-7433-4540-7656,일식/중식/양식,0.21252921
991,6040-1060-4383-5622,일식/중식/양식,0.21252921
992,6782-9349-8613-6843,한식,0.1789216
993,5517-3732-2575-4031,종합레저시설,0.20449206
994,6208-5124-3688-4130,일식/중식/양식,0.1789216
995,6801-5240-3676-8208,한식,0.1789216
996,8029-1662-5859-5980,한식,0.1789216
997,7957-6603-5065-2595,일식/중식/양식,0.21252921
998,9591-5179-9465-3650,편의점,1.0
999,1209-2094-1955-2960,의복/의류,0.12503007
1000,3345-8878-6497-1704,한식,0.1789216
1001,6505-4109-7117-1016,일식/중식/양식,0.21252921
1002,6023-8526-6006-3109,한식,0.1789216
1003,9640-5041-1369-8529,주유소,0.1789216
1004,6780-9901-6362-8609,한식,0.1789216
1005,9984-1684-7315-6142,일식/중식/양식,0.21252921
1006,5713-1801-5443-2618,편의점,1.0
1007,2485-9754-4232-1496,일식/중식/양식,0.21252921
1008,2295-2663-2379-8072,한식,0.1789216
1009,3902-6636-7020-9232,커피전문점,0.4395384
1010,3240-8223-7652-1790,한식,0.1789216
1011,6623-2039-4728-1847,한식,0.1789216
1012,6705-4184-4694-3982,한식,0.1789216
1013,4577-9163-5766-8906,한식,0.1789216
1014,9549-1284-2891-4197,일식/중식/양식,0.21252921
1015,9768-9508-4601-1653,일식/중식/양식,0.21252921
1016,5367-7244-5689-6775,한식,0.1789216
1017,5287-7523-6920-1862,한식,0.1789216
1018,4183-6706-9083-6151,한식,0.1789216
1019,6718-9198-3418-5475,일식/중식/양식,0.21252921
1020,8077-5142-2095-8404,한식,0.1789216
1021,5566-5347-1194-8145,한식,0.1789216
1022,7241-8070-2602-5763,한식,0.1789216
1023,3304-7824-9744-3317,한식,0.1789216
1024,8913-6150-5946-4374,한식,0.1789216
1025,8468-1940-5080-5195,일식/중식/양식,0.21252921
1026,9680-3676-8106-6976,일식/중식/양식,0.21252921
1027,7846-1159-5469-1085,한식,0.1789216
1028,6754-8612-4581-1228,커피전문점,0.4395384
1029,6634-7580-9098-3575,한식,0.1789216
1030,7161-6587-3547-3980,일식/중식/양식,0.21252921
1031,2582-2027-4700-1480,한식,0.1789216
1032,7007-5793-3044-1112,일식/중식/양식,0.21252921
1033,6976-8760-8911-5614,일식/중식/양식,0.21252921
1034,6742-6402-6805-7788,한식,0.1789216
1035,5305-7053-6386-8672,취미/오락,0.12304584
1036,4757-1900-4443-6497,한식,0.1789216
1037,6776-2747-1879-6301,한식,0.1789216
1038,8353-1366-9794-6425,한식,0.1789216
1039,3553-1589-6854-3780,한식,0.1789216
1040,7739-3933-3718-9192,실내골프/헬스,0.16560361
1041,6027-8831-3741-7566,일식/중식/양식,0.21252921
1042,5131-5301-6794-9906,한식,0.1789216
1043,1761-1532-3382-4972,한식,0.1789216
1044,8017-9265-7406-7039,한식,0.1789216
1045,8313-7172-8404-1525,한식,0.1789216
1046,8996-3535-5298-7278,한식,0.1789216
1047,2241-7630-6545-2956,한식,0.1789216
1048,5387-9150-1364-9501,한식,0.1789216
1049,2873-5704-6354-8465,한식,0.1789216
1050,3252-5796-4872-7024,한식,0.1789216
1051,6479-2531-7363-4208,한식,0.1789216
1052,6160-3838-7811-3412,일식/중식/양식,0.21252921
1053,2934-1335-4161-3567,한식,0.1789216
1054,9148-9046-9702-1667,일식/중식/양식,0.21252921
1055,9523-3581-1561-8144,일식/중식/양식,0.21252921
1056,7273-6110-4280-3808,한식,0.1789216
1057,7387-2823-6356-2124,실내골프/헬스,0.16560361
1058,2132-4104-2567-9054,한식,0.1789216
1059,3911-6168-3576-8556,한식,0.1789216
1060,9416-9923-6298-3055,한식,0.1789216
1061,7190-5638-7214-2405,일식/중식/양식,0.21252921
1062,8753-4276-2179-7155,세탁소,0.3773235
1063,7164-3914-1448-8198,한식,0.1789216
1064,6069-3933-3688-9327,한식,0.1789216
1065,4240-7724-6527-8580,한식,0.1789216
1066,5274-1463-8487-4093,한식,0.1789216
1067,2376-6767-6768-4044,한식,0.1789216
1068,9459-7927-8038-2390,한식,0.1789216
1069,4825-7472-5213-4908,한식,0.1789216
1070,4976-7622-6398-5455,일식/중식/양식,0.21252921
1071,7575-7601-2869-3638,한식,0.1789216
1072,6099-6751-1358-9862,일식/중식/양식,0.21252921
1073,1480-8648-5741-9746,한식,0.1789216
1074,1105-3142-2605-6810,일식/중식/양식,0.1789216
1075,7409-2554-9482-3268,편의점,1.0
1076,2386-2085-1524-9349,편의점,1.0
1077,6694-3551-5796-1377,한식,0.1789216
1078,9332-2782-2149-1052,한식,0.1789216
1079,5419-8941-8446-9563,일식/중식/양식,0.1789216
1080,3470-7349-7179-5074,일식/중식/양식,0.21252921
1081,8828-3306-8262-8920,한식,0.1789216
1082,2435-4030-1642-8729,한식,0.1789216
1083,7614-7181-2016-2248,한식,0.1789216
1084,8654-4981-9821-4029,한식,0.1789216
1085,6249-7338-6943-9587,한식,0.1789216
1086,6528-6848-6093-8040,일식/중식/양식,0.1789216
1087,8047-7533-3154-1655,한식,0.1789216
1088,3939-2175-6163-3697,한식,0.1789216
1089,3519-2609-8317-7152,한식,0.1789216
1090,1655-9975-7724-8541,한식,0.1789216
1091,8077-7839-2884-8730,한식,0.1789216
1092,5821-5991-1633-8797,실내골프/헬스,0.16560361
1093,3864-7518-5006-9049,한식,0.1789216
1094,5454-3381-6088-3057,일식/중식/양식,0.21252921
1095,8658-5968-3431-3437,일식/중식/양식,0.21252921
1096,9108-6720-6681-4993,한식,0.1789216
1097,4521-2050-6453-7500,일식/중식/양식,0.21252921
1098,8957-5938-4829-7245,제과점,0.43229064
1099,3179-9096-3611-1308,실내골프/헬스,0.16560361
1100,4200-8274-8625-4194,일식/중식/양식,0.21252921
1101,4250-3389-3826-4259,한식,0.1789216
1102,2015-4194-1373-1516,한식,0.1789216
1103,2313-8648-9606-7123,일식/중식/양식,0.21252921
1104,1808-1731-6458-5294,한식,0.1789216
1105,3227-4071-3218-7229,한식,0.1789216
1106,1725-4605-7164-1281,한식,0.1789216
1107,6369-2708-9436-8570,한식,0.1789216
1108,9438-6214-5794-8348,한식,0.1789216
1109,9722-5892-9526-7084,한식,0.1789216
1110,9297-8354-8833-8951,한식,0.1789216
1111,9828-5039-1276-2649,일식/중식/양식,0.21252921
1112,7714-7731-6345-3242,한식,0.1789216
1113,7100-9863-3671-6709,일식/중식/양식,0.21252921
1114,3975-2691-1763-8922,한식,0.1789216
1115,4394-4966-4828-6806,한식,0.1789216
1116,1989-4207-5379-9887,한식,0.1789216
1117,4720-2089-6614-2128,한식,0.1789216
1118,2382-5256-2984-3859,한식,0.1789216
1119,8240-7322-5399-8794,취미/오락,0.12304584
1120,7467-9918-5083-5559,일식/중식/양식,0.1789216
1121,4750-1837-1817-3527,실내골프/헬스,0.16560361
1122,1676-1766-4306-1877,편의점,1.0
1123,9124-7430-1338-3390,한식,0.1789216
1124,1553-8989-2347-9619,한식,0.1789216
1125,5281-1041-3262-9545,한식,0.1789216
1126,9510-9663-9559-4308,한식,0.1789216
1127,1423-2074-2620-9003,한식,0.1789216
1128,6786-2146-4387-6423,한식,0.1789216
1129,5140-3264-9446-9989,한식,0.1789216
1130,2977-4287-6641-5693,한식,0.1789216
1131,6547-5804-7060-6665,한식,0.1789216
1132,3846-4227-4713-1007,한식,0.1789216
1133,3886-9289-3997-6553,한식,0.1789216
1134,4113-5585-4971-2761,영화/공연,0.13615361
1135,2535-1696-3444-1339,제과점,0.43229064
1136,4015-4728-4617-9128,한식,0.1789216
1137,9314-8300-6562-9868,한식,0.1789216
1138,3677-4150-1916-5199,한식,0.1789216
1139,9685-7292-9938-8762,한식,0.1789216
1140,9375-6061-2434-5964,실내골프/헬스,0.16560361
1141,5383-2911-9806-5597,한식,0.1789216
1142,7415-1546-3406-1888,한식,0.1789216
1143,3283-1250-8215-2761,한식,0.1789216
1144,4641-2275-5015-9881,한식,0.1789216
1145,4779-8214-2943-9138,커피전문점,0.4395384
1146,3996-6875-6200-5497,일식/중식/양식,0.1789216
1147,2237-8474-2702-9063,일식/중식/양식,0.1789216
1148,3689-1490-6820-2152,한식,0.1789216
1149,4848-9712-6654-1849,한식,0.1789216
1150,2499-1852-5190-7762,한식,0.1789216
1151,9863-2677-5738-9846,일식/중식/양식,0.21252921
1152,8024-1941-1311-1383,한식,0.1789216
1153,7997-2597-5918-8078,한식,0.1789216
1154,9125-3640-5026-1088,커피전문점,0.4395384
1155,1392-2002-8020-4201,한식,0.1789216
1156,8251-2035-8625-9297,한식,0.1789216
1157,9984-7534-4465-7724,한식,0.1789216
1158,5450-9185-6923-3245,커피전문점,0.4395384
1159,1661-8345-3667-3901,한식,0.1789216
1160,9364-1802-9053-4424,일식/중식/양식,0.21252921
1161,4895-5576-9802-9972,한식,0.1789216
1162,7471-4253-9889-3273,한식,0.1789216
1163,7339-6647-4188-1870,한식,0.1789216
1164,8170-2156-9134-1903,커피전문점,0.4395384
1165,9504-7527-1824-7052,한식,0.1789216
1166,9274-7754-7455-3596,한식,0.1789216
1167,4624-7398-3425-9347,패스트푸드,0.3720898
1168,7505-5841-4598-6996,한식,0.1789216
1169,6148-6450-2634-9009,커피전문점,0.4395384
1170,8950-7902-2730-2686,편의점,1.0
1171,1365-5920-4398-9437,한식,0.1789216
1172,3284-1239-3393-7021,한식,0.1789216
1173,8646-4555-9125-5753,한식,0.1789216
1174,3548-3916-3578-7675,한식,0.1789216
1175,1676-3046-9635-3542,일식/중식/양식,0.21252921
1176,4430-4639-1629-1851,일식/중식/양식,0.1789216
1177,8906-9843-9479-9689,한식,0.1789216
1178,5733-6619-5119-8393,한식,0.1789216
1179,2537-5169-5562-8383,일식/중식/양식,0.21252921
1180,3446-2667-4392-1174,한식,0.1789216
1181,6996-5105-8104-4526,한식,0.1789216
1182,3830-2375-2944-5574,한식,0.1789216
1183,8731-5678-3578-3620,일식/중식/양식,0.21252921
1184,1053-1226-2841-4807,일식/중식/양식,0.21252921
1185,2094-1980-6088-4908,한식,0.1789216
1186,4170-5856-5214-1116,한식,0.1789216
1187,6382-5225-9474-7854,한식,0.1789216
1188,1126-5167-2056-4334,취미/오락,0.12304584
1189,9481-5052-6090-1792,한식,0.1789216
1190,9137-3854-9786-3019,일식/중식/양식,0.21252921
1191,7267-6202-4059-9841,한식,0.1789216
1192,6155-2417-2715-8645,한식,0.1789216
1193,2831-3333-9528-4338,한식,0.1789216
1194,6436-8589-7012-6293,실내골프/헬스,0.16560361
1195,8597-7616-5691-7793,한식,0.1789216
1196,5311-8411-7009-6075,영화/공연,0.13615361
1197,6728-1470-8731-3739,제과점,0.43229064
1198,5534-5296-6497-6470,한식,0.1789216
1199,2388-1823-4683-5969,한식,0.1789216
1200,5334-7748-3177-9753,한식,0.1789216
1201,2724-2624-9832-6827,한식,0.1789216
1202,4228-3897-3728-3020,한식,0.1789216
1203,4496-3045-4224-5115,한식,0.1789216
1204,9684-3961-1015-1153,일식/중식/양식,0.1789216
1205,1016-1150-5328-5632,한식,0.1789216
1206,2893-2622-8218-8848,한식,0.1789216
1207,8212-7634-5262-2258,유흥주점,0.1789216
1208,4392-4065-7521-8754,한식,0.1789216
1209,8412-9447-4877-7868,일식/중식/양식,0.21252921
1210,9483-2010-3563-1463,한식,0.1789216
1211,1999-8811-9668-2372,일식/중식/양식,0.21252921
1212,4014-7152-6244-3051,한식,0.1789216
1213,5995-2930-2564-7257,패스트푸드,0.3720898
1214,5543-6210-7057-3419,한식,0.1789216
1215,9048-9040-8411-6816,한식,0.1789216
1216,3283-4369-5561-3429,한식,0.1789216
1217,9084-9637-1746-4428,한식,0.1789216
1218,5359-6825-3143-7863,일식/중식/양식,0.21252921
1219,7714-4757-9569-1045,한식,0.1789216
1220,3655-7062-4067-4750,실내골프/헬스,0.16560361
1221,6492-3664-8138-5489,패스트푸드,0.1789216
1222,8053-1563-7860-7862,편의점,0.1789216
1223,2180-1125-8820-9713,한식,0.1789216
1224,5159-7368-6956-5787,일식/중식/양식,0.1789216
1225,1013-5955-6791-9789,편의점,1.0
1226,1858-2903-6728-7070,한식,0.1789216
1227,5276-1849-8010-3432,한식,0.1789216
1228,8621-7759-6675-7916,백화점,0.22918952
1229,4509-1171-7420-4664,한식,0.1789216
1230,9008-8034-6153-5775,일식/중식/양식,0.21252921
1231,6144-9966-7953-4138,한식,0.1789216
1232,3915-9358-1990-1736,한식,0.1789216
1233,6869-1051-2512-6366,한식,0.1789216
1234,8925-3225-6425-2314,한식,0.1789216
1235,2397-5734-3907-1036,한식,0.1789216
1236,1321-7857-4347-1020,한식,0.1789216
1237,3260-1097-2903-8968,한식,0.1789216
1238,4108-6336-7269-5386,한식,0.1789216
1239,6903-8815-2697-7055,한식,0.1789216
1240,5918-3103-3065-2133,한식,0.1789216
1241,3130-4387-4525-1972,한식,0.1789216
1242,9247-2858-1214-8150,커피전문점,0.4395384
1243,6393-9845-3564-2258,일식/중식/양식,0.21252921
1244,5868-1953-1431-7282,한식,0.1789216
1245,3042-4908-6044-6803,일식/중식/양식,0.21252921
1246,9002-7575-6701-3144,한식,0.1789216
1247,7432-1876-9736-6053,한식,0.1789216
1248,5643-2807-1042-6578,한식,0.1789216
1249,2334-1870-3269-1519,한식,0.1789216
1250,8590-2079-7112-8785,한식,0.1789216
1251,5481-5888-4343-4856,일식/중식/양식,0.21252921
1252,8695-6809-1936-4197,일식/중식/양식,0.21252921
1253,6141-4998-3063-1428,한식,0.1789216
1254,7769-5056-7706-8004,일식/중식/양식,0.21252921
1255,5802-4842-1194-3610,한식,0.1789216
1256,5439-7634-6787-4039,일식/중식/양식,0.21252921
1257,1863-4429-8198-9102,한식,0.1789216
1258,9083-8706-1330-3496,일식/중식/양식,0.21252921
1259,7402-4453-1145-7362,제과점,0.1789216
1260,9533-4767-4475-6251,한식,0.1789216
1261,8338-8684-5300-8068,한식,0.1789216
1262,6047-9777-2259-6644,한식,0.1789216
1263,4580-1895-7198-8562,일식/중식/양식,0.21252921
1264,1889-3088-1587-7153,실내골프/헬스,0.16560361
1265,9142-6347-2238-5254,한식,0.1789216
1266,4226-2251-5766-7389,커피전문점,0.4395384
1267,6922-1646-7194-1491,한식,0.1789216
1268,7273-1174-3690-2580,한식,0.1789216
1269,6490-5415-9905-6286,자동차용품,0.1789216
1270,1159-6496-2239-5757,편의점,1.0
1271,2788-5884-5823-7715,일식/중식/양식,0.21252921
1272,2120-8612-5422-7827,유흥주점,0.1789216
1273,4295-2541-1275-5822,실내골프/헬스,0.16560361
1274,9089-6931-7005-8134,유흥주점,0.229173
1275,6884-2273-4663-7022,일식/중식/양식,0.21252921
1276,5010-3188-9334-5422,한식,0.1789216
1277,4477-5206-3411-7968,한식,0.1789216
1278,5921-5565-9497-4184,한식,0.1789216
1279,7547-9599-8746-6212,한식,0.1789216
1280,4147-5772-9832-3121,한식,0.1789216
1281,7638-2229-1577-1907,실내골프/헬스,0.16560361
1282,1721-7172-4565-8200,한식,0.1789216
1283,7867-7480-6945-9752,한식,0.1789216
1284,7635-8429-6018-7721,한식,0.1789216
1285,2026-4667-3599-6833,영화/공연,0.13615361
1286,1569-2758-6640-3575,한식,0.1789216
1287,5563-2050-7496-9996,한식,0.1789216
1288,1281-3235-6900-4696,편의점,1.0
1289,3211-7079-4615-2499,한식,0.1789216
1290,3079-3553-5076-6303,한식,0.1789216
1291,4866-3779-8431-1021,한식,0.1789216
1292,4061-2534-5517-4527,일식/중식/양식,0.21252921
1293,8545-8587-3346-8875,한식,0.1789216
1294,2531-5139-8715-4063,일식/중식/양식,0.21252921
1295,4107-8494-1987-6420,한식,0.1789216
1296,1122-7329-7822-5263,일식/중식/양식,0.1789216
1297,8214-3842-6747-4698,한식,0.1789216
1298,8513-1735-8776-3546,한식,0.1789216
1299,3555-1961-7434-8668,일식/중식/양식,0.21252921
1300,1958-7065-6600-3590,일식/중식/양식,0.1789216
1301,8889-5014-7259-4251,한식,0.1789216
1302,1629-5353-9466-9944,한식,0.1789216
1303,3019-6474-2414-9573,일식/중식/양식,0.21252921
1304,6865-8651-8015-3200,제과점,0.43229064
1305,7734-9835-2691-5504,제과점,0.43229064
1306,5398-6890-9872-6060,유흥주점,0.229173
1307,4139-6945-1298-9061,일식/중식/양식,0.21252921
1308,1712-9725-6809-7567,일식/중식/양식,0.21252921
1309,7741-7686-1506-3430,일식/중식/양식,0.1789216
1310,9113-4142-3927-6086,한식,0.1789216
1311,6135-2247-2837-4410,일식/중식/양식,0.21252921
1312,3466-2815-1502-5915,한식,0.1789216
1313,9086-5473-5935-5296,한식,0.1789216
1314,4099-3545-6030-7485,일식/중식/양식,0.21252921
1315,9564-5894-4460-2122,한식,0.1789216
1316,9828-6716-9282-8688,일식/중식/양식,0.1789216
1317,8978-7878-2284-7143,한식,0.1789216
1318,1506-5270-8446-8887,한식,0.1789216
1319,5069-1556-5526-3267,한식,0.1789216
1320,2022-2913-6821-7812,한식,0.1789216
1321,3213-4159-4764-7515,커피전문점,0.4395384
1322,8642-3251-8945-2537,한식,0.1789216
1323,9479-8904-7274-9791,한식,0.1789216
1324,5261-8808-7392-3456,커피전문점,0.4395384
1325,7291-3033-8284-6359,한식,0.1789216
1326,2284-9669-1867-9473,한식,0.1789216
1327,4951-3534-2912-6880,영화/공연,0.13615361
1328,6537-6838-8785-1751,일식/중식/양식,0.21252921
1329,2130-4290-3724-9931,한식,0.1789216
1330,3758-4663-9391-7489,한식,0.1789216
1331,4640-1651-7235-1156,일식/중식/양식,0.21252921
1332,5130-8990-4285-2120,한식,0.1789216
1333,1377-7766-7376-1695,일식/중식/양식,0.21252921
1334,8514-6519-1672-1339,한식,0.1789216
1335,4632-6600-1916-4609,한식,0.1789216
1336,4905-2205-5713-2911,한식,0.1789216
1337,7897-1950-4188-1027,한식,0.1789216
1338,1057-4342-5281-6694,한식,0.1789216
1339,1012-5545-8388-7599,한식,0.1789216
1340,2734-1753-3724-8552,한식,0.1789216
1341,3299-3442-4582-5377,한식,0.1789216
1342,6417-5838-4135-5950,커피전문점,0.4395384
1343,5321-2253-1849-8998,한식,0.1789216
1344,8496-3376-7056-1913,한식,0.1789216
1345,6985-4307-5446-9441,일식/중식/양식,0.21252921
1346,6424-2543-9626-6282,커피전문점,0.4395384
1347,5558-8737-4654-1599,한식,0.1789216
1348,2994-2486-7008-2993,한식,0.1789216
1349,1877-8651-1783-5804,한식,0.1789216
1350,7051-2612-3909-3775,일식/중식/양식,0.21252921
1351,1688-8687-6975-7708,일식/중식/양식,0.1789216
1352,1679-1956-2144-8880,일식/중식/양식,0.21252921
1353,4378-6778-4407-2596,한식,0.1789216
1354,9760-1820-6330-6223,한식,0.1789216
1355,8937-9030-5763-9433,일식/중식/양식,0.21252921
1356,4615-4091-9299-1950,한식,0.1789216
1357,1568-1158-5884-9188,영화/공연,0.13615361
1358,9319-8790-9617-9727,유흥주점,0.229173
1359,6849-7978-5610-4701,한식,0.1789216
1360,1985-4527-7008-4919,일식/중식/양식,0.21252921
1361,2348-5934-7904-8640,한식,0.1789216
1362,8554-7204-9625-2444,한식,0.1789216
1363,3402-4676-3275-6196,일식/중식/양식,0.21252921
1364,7832-8268-1059-3926,한식,0.1789216
1365,3319-7624-2812-5322,한식,0.1789216
1366,7546-2467-2668-3367,한식,0.1789216
1367,9371-5537-5727-1837,한식,0.1789216
1368,4156-7893-4356-7287,일식/중식/양식,0.21252921
1369,7820-1119-6686-2873,한식,0.1789216
1370,6223-8441-6879-2647,한식,0.1789216
1371,7454-6369-8459-3758,한식,0.1789216
1372,7449-6539-2364-4902,의복/의류,0.12503007
1373,3768-3856-8258-8130,한식,0.1789216
1374,2396-4374-8626-8053,한식,0.1789216
1375,2662-8409-8393-8470,한식,0.1789216
1376,1460-7900-2665-8744,한식,0.1789216
1377,3390-3830-5415-5248,한식,0.1789216
1378,2372-1469-5801-4992,한식,0.1789216
1379,7001-2927-4554-4471,일식/중식/양식,0.21252921
1380,7819-7008-4731-8238,커피전문점,0.4395384
1381,2699-1165-9844-5869,일식/중식/양식,0.21252921
1382,3304-8900-4983-5973,한식,0.1789216
1383,6238-1459-1018-4723,한식,0.1789216
1384,6947-7547-7281-8990,한식,0.1789216
1385,5184-6097-8443-4558,한식,0.1789216
1386,3769-9420-3249-6418,제과점,0.43229064
1387,7039-1961-7883-9953,일식/중식/양식,0.21252921
1388,7932-7048-6487-2409,한식,0.1789216
1389,3147-1062-3165-3890,한식,0.1789216
1390,8924-7869-4583-2154,한식,0.1789216
1391,6661-1657-5516-1165,한식,0.1789216
1392,6256-2045-1506-6971,한식,0.1789216
1393,3506-4913-6335-6615,한식,0.1789216
1394,9845-9910-2662-6197,커피전문점,0.4395384
1395,5577-5634-4097-4989,영화/공연,0.13615361
1396,6020-7642-6406-5646,한식,0.1789216
1397,3471-8795-7829-8814,한식,0.1789216
1398,7205-1202-4236-9338,한식,0.1789216
1399,1877-6971-9166-5320,한식,0.1789216
1400,5250-9875-5614-5202,일식/중식/양식,0.21252921
1401,7181-7142-4496-9302,한식,0.1789216
1402,8902-6101-4572-1683,한식,0.1789216
1403,1350-8222-5479-2251,실내골프/헬스,0.16560361
1404,4858-7675-5285-6775,일식/중식/양식,0.1789216
1405,4699-7718-2254-9290,한식,0.1789216
1406,1296-7879-9673-2935,백화점,0.1789216
1407,7186-3376-1822-2278,백화점,0.1789216
1408,4821-6024-9375-7241,한식,0.1789216
1409,9994-2709-5642-6367,일식/중식/양식,0.21252921
1410,2281-6761-5480-6653,한식,0.1789216
1411,5523-5747-2361-5885,한식,0.1789216
1412,8259-4063-6515-3802,백화점,0.1789216
1413,5195-6773-7013-3848,한식,0.1789216
1414,4964-7173-2843-9102,한식,0.1789216
1415,3225-1923-3468-8129,한식,0.1789216
1416,8756-9798-9464-8286,일식/중식/양식,0.21252921
1417,6516-1496-4284-1733,한식,0.1789216
1418,6509-4265-4694-9875,일식/중식/양식,0.21252921
1419,6215-1113-8436-1904,한식,0.1789216
1420,5203-6807-6406-3426,한식,0.1789216
1421,3823-5507-8953-4207,한식,0.1789216
1422,3061-7581-6619-7054,한식,0.1789216
1423,9518-5622-2746-4673,일식/중식/양식,0.1789216
1424,3655-9611-4281-3946,한식,0.1789216
1425,3882-5172-7089-6589,한식,0.1789216
1426,9450-8937-4555-6611,한식,0.1789216
1427,2448-1065-1967-1998,한식,0.1789216
1428,6284-7325-8628-7538,한식,0.1789216
1429,8004-4042-6760-3458,일식/중식/양식,0.21252921
1430,2621-1686-5868-4496,한식,0.1789216
1431,8045-1668-7227-7969,한식,0.1789216
1432,7734-4591-7419-4825,일식/중식/양식,0.21252921
1433,4774-9253-5264-5171,일식/중식/양식,0.1789216
1434,3117-1070-2538-2151,한식,0.1789216
1435,5746-3063-4928-5342,의복/의류,0.12503007
1436,2690-1574-3205-3095,한식,0.1789216
1437,2428-3602-1809-7683,한식,0.1789216
1438,5784-2256-2685-8513,한식,0.1789216
1439,4802-7067-8834-6129,일식/중식/양식,0.1789216
1440,2892-8435-2466-4154,한식,0.1789216
1441,9157-1490-7941-4114,유흥주점,0.1789216
1442,8682-7827-3288-5310,한식,0.1789216
1443,9347-5018-4217-1031,한식,0.1789216
1444,7263-3706-9249-7189,한식,0.1789216
1445,1746-6885-6643-9985,한식,0.1789216
1446,4264-2763-2245-2561,한식,0.1789216
1447,4707-4814-7281-9440,한식,0.1789216
1448,3112-1209-8861-5995,일식/중식/양식,0.21252921
1449,2955-7254-1709-1441,한식,0.1789216
1450,3965-5548-3235-6547,한식,0.1789216
1451,4309-9698-5325-1264,패션/잡화,0.14689642
1452,5856-8974-5806-3605,한식,0.1789216
1453,3706-8970-3132-7590,한식,0.1789216
1454,8437-4215-7988-3788,한식,0.1789216
1455,2541-9433-9871-5111,일식/중식/양식,0.21252921
1456,9532-3282-6571-9650,한식,0.1789216
1457,8603-4359-8952-3952,한식,0.1789216
1458,6862-1369-7883-5434,한식,0.1789216
1459,8907-2652-3458-5360,한식,0.1789216
1460,6948-3788-5720-7019,일식/중식/양식,0.21252921
1461,4719-6220-5927-8076,한식,0.1789216
1462,1308-8594-7416-8142,한식,0.1789216
1463,9961-3425-5000-8935,한식,0.1789216
1464,4877-2484-9921-1955,한식,0.1789216
1465,2576-3031-4260-1931,한식,0.1789216
1466,3134-3447-2571-3672,실내골프/헬스,0.16560361
1467,7332-5410-7572-3597,한식,0.1789216
1468,8315-9257-9017-5607,한식,0.1789216
1469,5211-6214-1719-5435,한식,0.1789216
1470,8770-9246-9509-2771,실내골프/헬스,0.16560361
1471,2527-5547-1546-2624,일식/중식/양식,0.21252921
1472,3942-3597-8135-8149,한식,0.1789216
1473,9412-3309-1605-4042,한식,0.1789216
1474,4214-8369-2558-4652,한식,0.1789216
1475,1371-7797-8433-5030,영화/공연,0.13615361
1476,9175-5858-1781-9652,세탁소,0.1789216
1477,2567-1306-2970-6389,한식,0.1789216
1478,4592-2483-3023-5013,한식,0.1789216
1479,1195-5259-9393-4918,일식/중식/양식,0.21252921
1480,4593-3775-2141-9389,일식/중식/양식,0.1789216
1481,3569-4496-7969-7019,일식/중식/양식,0.21252921
1482,8869-8038-4661-2605,한식,0.1789216
1483,3114-1044-4349-5489,한식,0.1789216
1484,1302-3379-8955-3348,일식/중식/양식,0.21252921
1485,1613-5970-8728-8788,한식,0.1789216
1486,2266-5150-3940-7845,한식,0.1789216
1487,9000-1386-6003-5099,한식,0.1789216
1488,4273-4648-6901-2864,일식/중식/양식,0.21252921
1489,6008-5682-4577-2639,한식,0.1789216
1490,2139-1272-6295-3691,한식,0.1789216
1491,5363-7424-9158-2624,한식,0.1789216
1492,3944-6733-3837-2482,한식,0.1789216
1493,8932-5326-6903-7184,일식/중식/양식,0.1789216
1494,7536-6839-9298-1177,패션/잡화,0.14689642
1495,6764-5710-1285-1574,한식,0.1789216
1496,3426-5769-7511-6961,한식,0.1789216
1497,2054-9084-1550-4154,일식/중식/양식,0.21252921
1498,7922-3473-2268-6926,일식/중식/양식,0.21252921
1499,9416-1866-8080-8549,한식,0.1789216
1500,9955-7713-8369-1271,한식,0.1789216
1501,4018-3531-3898-4910,한식,0.1789216
1502,8006-6542-9434-7395,한식,0.1789216
1503,3597-3670-7136-9714,한식,0.1789216
1504,8216-3538-5313-3972,한식,0.1789216
1505,5785-3830-5715-3302,한식,0.1789216
1506,8244-7001-9620-7989,커피전문점,0.4395384
1507,7754-6715-5347-7407,한식,0.1789216
1508,4254-1847-3346-7129,일식/중식/양식,0.21252921
1509,4022-9414-9170-4212,한식,0.1789216
1510,3956-1070-9995-3086,한식,0.1789216
1511,8486-9295-5743-2415,한식,0.1789216
1512,3059-9032-4952-4809,한식,0.1789216
1513,1926-5258-6191-6754,한식,0.1789216
1514,4440-2899-6605-3092,한식,0.1789216
1515,5903-7358-1162-2974,한식,0.1789216
1516,8241-7435-4583-4157,한식,0.1789216
1517,5956-8113-4968-2345,한식,0.1789216
1518,5334-5476-7574-8801,한식,0.1789216
1519,7189-5059-7088-7054,일식/중식/양식,0.21252921
1520,8719-4543-4490-5472,한식,0.1789216
1521,8038-8113-6049-7636,한식,0.1789216
1522,2652-2178-4916-7828,한식,0.1789216
1523,9286-4534-3162-4348,일식/중식/양식,0.21252921
1524,6295-2011-6068-1308,한식,0.1789216
1525,6203-7015-5596-1336,한식,0.1789216
1526,2208-2856-8211-5108,한식,0.1789216
1527,5766-3699-8764-9757,한식,0.1789216
1528,2851-4495-7275-8332,일식/중식/양식,0.1789216
1529,2197-7827-2750-6579,한식,0.1789216
1530,8568-7805-3728-4288,한식,0.1789216
1531,7252-4246-7855-3548,한식,0.1789216
1532,1937-8591-2868-3750,일식/중식/양식,0.21252921
1533,1172-3047-5261-1526,스포츠시설,0.30218038
1534,7159-9272-6268-4789,한식,0.1789216
1535,1779-9279-2199-6414,한식,0.1789216
1536,4696-8586-5498-4536,일식/중식/양식,0.21252921
1537,5987-2376-7285-6613,한식,0.1789216
1538,4831-8558-4782-1231,한식,0.1789216
1539,2105-6065-4639-7794,일식/중식/양식,0.21252921
1540,5047-2602-6256-8544,한식,0.1789216
1541,3851-4308-1382-8448,한식,0.1789216
1542,5858-9346-1753-8319,한식,0.1789216
1543,7777-4672-4178-4609,편의점,1.0
1544,4146-2411-2912-2831,한식,0.1789216
1545,7163-6608-8824-6374,한식,0.1789216
1546,4607-8692-9740-1600,일식/중식/양식,0.21252921
1547,9057-4876-2832-3982,한식,0.1789216
1548,8904-6782-6015-6141,한식,0.1789216
1549,5693-7495-3487-8581,커피전문점,0.4395384
1550,1529-1927-5239-8351,종합레저시설,0.1789216
1551,5267-4223-5811-3943,일식/중식/양식,0.1789216
1552,3965-6598-4540-2739,한식,0.1789216
1553,8999-1323-8802-2752,유흥주점,0.229173
1554,2144-3049-6419-3205,일식/중식/양식,0.21252921
1555,2043-2841-7265-4469,세탁소,0.3773235
1556,6372-3071-5694-2774,한식,0.1789216
1557,1481-3083-3842-2175,취미/오락,0.12304584
1558,4084-1771-5045-3006,일식/중식/양식,0.21252921
1559,7744-6444-4971-7822,한식,0.1789216
1560,6733-1496-4814-1126,한식,0.1789216
1561,2476-6175-7707-3389,한식,0.1789216
1562,1710-5270-3703-8320,한식,0.1789216
1563,9933-2625-1858-8454,일식/중식/양식,0.21252921
1564,6359-3830-7060-7405,한식,0.1789216
1565,1514-2697-3332-8769,편의점,1.0
1566,5008-8082-1750-8096,한식,0.1789216
1567,2410-1356-6798-4108,커피전문점,0.4395384
1568,8738-4532-7768-1522,한식,0.1789216
1569,7966-5506-6717-7828,일식/중식/양식,0.21252921
1570,7564-3822-3817-7588,한식,0.1789216
1571,5352-7235-8619-3404,한식,0.1789216
1572,9938-1872-7112-2405,의복/의류,0.12503007
1573,1312-6153-2291-8412,한식,0.1789216
1574,9371-5318-1929-5893,한식,0.1789216
1575,5496-7952-2180-3086,실내골프/헬스,0.16560361
1576,6060-5456-9616-1065,한식,0.1789216
1577,7758-9184-4743-8119,한식,0.1789216
1578,2531-8302-5368-6940,한식,0.1789216
1579,7651-7704-1992-3153,한식,0.1789216
1580,4600-9424-2017-5183,한식,0.1789216
1581,2655-9867-1358-7111,한식,0.1789216
1582,1720-2533-6707-9901,한식,0.1789216
1583,7710-9329-1654-8249,일식/중식/양식,0.21252921
1584,9352-3656-1322-8404,한식,0.1789216
1585,3006-8846-4117-9987,한식,0.1789216
1586,2897-1237-3723-4781,커피전문점,0.4395384
1587,6735-1990-1566-5793,일식/중식/양식,0.1789216
1588,6274-9262-5543-4866,한식,0.1789216
1589,9192-2621-9823-3816,한식,0.1789216
1590,2213-6531-6677-4869,일식/중식/양식,0.21252921
1591,7122-8398-2980-7317,한식,0.1789216
1592,8083-3577-2445-8832,LPG,0.22232729
1593,4085-5970-7421-6133,패션/잡화,0.14689642
1594,3686-2509-9492-4158,한식,0.1789216
1595,1669-8447-2885-7093,한식,0.1789216
1596,5193-4211-2098-7994,일식/중식/양식,0.21252921
1597,1605-9439-7737-6905,한식,0.1789216
1598,4278-2909-6005-9322,한식,0.1789216
1599,9039-2153-3906-1548,일식/중식/양식,0.21252921
1600,9920-5222-5320-9073,한식,0.1789216
1601,4589-6859-2668-2976,한식,0.1789216
1602,9142-9111-9263-7282,한식,0.1789216
1603,2928-3793-6904-4944,일식/중식/양식,0.21252921
1604,5843-6861-2440-7128,한식,0.1789216
1605,7389-5486-1772-9772,한식,0.1789216
1606,9368-3743-1352-6330,한식,0.1789216
1607,8267-1237-3744-2214,커피전문점,0.4395384
1608,6273-7012-4454-1280,한식,0.1789216
1609,7999-1680-6260-1527,백화점,0.412799
1610,6713-3611-4862-2281,한식,0.1789216
1611,4501-2980-3217-8460,일식/중식/양식,0.21252921
1612,4209-9059-5767-5237,한식,0.1789216
1613,7734-7272-2380-3924,한식,0.1789216
1614,5854-8288-8425-9453,한식,0.1789216
1615,5201-8312-8300-3757,일식/중식/양식,0.1789216
1616,2914-4678-8013-8021,한식,0.1789216
1617,9090-1196-9986-7835,한식,0.1789216
1618,5198-3617-6618-6221,한식,0.1789216
1619,9993-3464-1342-9506,일식/중식/양식,0.21252921
1620,3998-3230-3411-6973,한식,0.1789216
1621,7578-1720-9192-9233,일식/중식/양식,0.21252921
1622,7490-1288-2106-4444,한식,0.1789216
1623,8167-5445-6897-1800,한식,0.1789216
1624,2495-8898-5554-1428,한식,0.1789216
1625,8678-9077-9759-9199,일식/중식/양식,0.21252921
1626,1660-8454-7948-9748,실내골프/헬스,0.16560361
1627,6390-6342-6792-2393,한식,0.1789216
1628,3094-9671-8870-6974,한식,0.1789216
1629,6502-3981-8701-7556,일식/중식/양식,0.21252921
1630,2035-6855-2564-2245,한식,0.1789216
1631,7879-9800-4338-3284,패션/잡화,0.14689642
1632,7178-9975-5390-2057,한식,0.1789216
1633,9158-1133-1339-9521,한식,0.1789216
1634,3027-4925-9369-1202,한식,0.1789216
1635,8375-2359-7439-4818,일식/중식/양식,0.1789216
1636,4831-1479-2267-4092,한식,0.1789216
1637,9832-8984-9501-5627,한식,0.1789216
1638,8998-4759-3835-6784,한식,0.1789216
1639,3923-5157-6831-1059,한식,0.1789216
1640,5100-6422-9812-3149,한식,0.1789216
1641,8219-1785-5181-3449,한식,0.1789216
1642,8213-2527-2621-2465,한식,0.1789216
1643,8811-2453-4651-4635,유흥주점,0.1789216
1644,7029-2700-2155-8805,한식,0.1789216
1645,5519-5209-6436-4860,일식/중식/양식,0.21252921
1646,1848-4738-3667-9861,유흥주점,0.1789216
1647,6829-7804-6713-4263,일식/중식/양식,0.21252921
1648,9568-1862-9492-2688,한식,0.1789216
1649,6026-8888-6308-5019,한식,0.1789216
1650,7929-1004-6812-9259,한식,0.1789216
1651,5796-1310-3900-7638,한식,0.1789216
1652,9025-5305-2725-2338,한식,0.1789216
1653,5415-1636-1895-9825,한식,0.1789216
1654,8718-9059-2342-7919,한식,0.1789216
1655,3745-1835-8321-4555,한식,0.1789216
1656,4598-8666-2723-7833,한식,0.1789216
1657,5161-8205-2033-3781,한식,0.1789216
1658,5564-2978-7987-1843,패션/잡화,0.14689642
1659,8693-4111-2109-8082,한식,0.1789216
1660,4919-9670-2654-8847,한식,0.1789216
1661,1227-7843-1645-4021,한식,0.1789216
1662,5681-1965-1219-8553,일식/중식/양식,0.21252921
1663,4027-1208-8774-8377,한식,0.1789216
1664,3556-6551-1659-5030,한식,0.1789216
1665,9703-5100-7718-3231,일식/중식/양식,0.21252921
1666,4815-5326-6041-7472,한식,0.1789216
1667,6408-5634-2926-4898,한식,0.1789216
1668,7356-3515-2548-3939,한식,0.1789216
1669,2971-6969-8379-2185,일식/중식/양식,0.21252921
1670,1087-6902-5799-8159,한식,0.1789216
1671,3143-9217-1164-8236,일식/중식/양식,0.21252921
1672,2146-6974-5027-6292,한식,0.1789216
1673,6997-9146-6158-6892,의복/의류,0.12503007
1674,2541-7233-2130-1691,일식/중식/양식,0.21252921
1675,1065-2947-1978-2714,일식/중식/양식,0.21252921
1676,7657-7286-7436-7901,한식,0.1789216
1677,7617-9672-2593-1002,생활서비스,0.33016083
1678,6808-2037-7101-8312,한식,0.1789216
1679,8396-9755-1100-2617,LPG,0.22232729
1680,5962-5952-8614-1126,한식,0.1789216
1681,5246-5265-1221-1620,커피전문점,0.4395384
1682,6695-5471-5738-8596,일식/중식/양식,0.1789216
1683,5783-1275-8110-1928,한식,0.1789216
1684,9262-2407-9054-7704,한식,0.1789216
1685,2936-7664-6125-3106,한식,0.1789216
1686,6229-7840-8166-1557,의복/의류,0.12503007
1687,6628-3565-2130-1980,한식,0.1789216
1688,7806-9246-8198-3886,커피전문점,0.4395384
1689,3722-1980-8054-7571,일식/중식/양식,0.21252921
1690,7779-8348-9946-4991,한식,0.1789216
1691,9508-2951-2780-2138,한식,0.1789216
1692,5030-7484-1401-1411,한식,0.1789216
1693,7756-9256-2052-1377,일식/중식/양식,0.21252921
1694,9766-8445-6226-6545,한식,0.1789216
1695,9754-4495-1247-9344,한식,0.1789216
1696,6108-5104-3786-5374,한식,0.1789216
1697,8921-5583-6355-1545,한식,0.1789216
1698,5655-5474-2097-1613,한식,0.1789216
1699,8373-7174-5445-4397,커피전문점,0.4395384
1700,3788-2162-7879-4230,한식,0.1789216
1701,9348-6097-9930-1032,커피전문점,0.4395384
1702,4909-1669-3505-3054,한식,0.1789216
1703,4204-6008-6518-4682,한식,0.1789216
1704,9678-5325-8482-2784,한식,0.1789216
1705,6114-1061-8849-4909,일식/중식/양식,0.21252921
1706,1572-3290-9757-5096,일식/중식/양식,0.21252921
1707,5305-2205-6927-7535,의복/의류,0.12503007
1708,7967-2472-6061-9098,한식,0.1789216
1709,7952-3788-3726-5492,한식,0.1789216
1710,5984-1783-6381-6511,한식,0.1789216
1711,8851-3542-8168-4402,제과점,0.43229064
1712,2543-2691-2246-3257,한식,0.1789216
1713,1743-4772-6558-8363,한식,0.1789216
1714,3212-2097-5712-6123,한식,0.1789216
1715,1512-6236-9743-1252,한식,0.1789216
1716,4722-8366-1833-3510,일식/중식/양식,0.21252921
1717,7847-6650-7905-1436,일식/중식/양식,0.21252921
1718,4332-7032-1207-4138,한식,0.1789216
1719,7752-3759-6133-7215,한식,0.1789216
1720,6904-5638-3684-4021,일식/중식/양식,0.21252921
1721,1589-7318-9254-9632,한식,0.1789216
1722,5934-7752-8601-2835,일식/중식/양식,0.1789216
1723,9717-8148-5529-7692,한식,0.1789216
1724,6846-2433-7796-9156,일식/중식/양식,0.21252921
1725,3914-8584-6285-7100,한식,0.1789216
1726,8615-9878-5335-1624,일식/중식/양식,0.21252921
1727,1492-8993-7359-1518,한식,0.1789216
1728,8079-9783-8365-5660,한식,0.1789216
1729,6072-1891-2637-3783,편의점,1.0
1730,4655-9226-7368-1749,한식,0.1789216
1731,3089-5746-8142-9957,유흥주점,0.1789216
1732,9739-5945-5662-3975,한식,0.1789216
1733,7599-6461-5890-2497,커피전문점,0.4395384
1734,5194-9742-1274-3027,한식,0.1789216
1735,8412-1876-3357-1235,한식,0.1789216
1736,1831-5645-9366-3062,한식,0.1789216
1737,2205-1926-8412-6949,한식,0.1789216
1738,6764-9298-6286-8267,한식,0.1789216
1739,6274-9494-5738-5692,한식,0.1789216
1740,7174-2909-3718-5109,한식,0.1789216
1741,3498-8257-6573-8978,한식,0.1789216
1742,6194-8243-5045-6298,호텔/콘도,0.22918952
1743,9554-6585-6158-9632,한식,0.1789216
1744,5755-8587-6859-8359,유흥주점,0.229173
1745,3893-6001-6302-5796,한식,0.1789216
1746,7629-5182-7758-5086,한식,0.1789216
1747,4931-8651-8368-4762,한식,0.1789216
1748,4033-9195-1005-2792,한식,0.1789216
1749,3975-9732-3186-3103,실내골프/헬스,0.16560361
1750,6171-5257-6502-2160,한식,0.1789216
1751,1479-6973-6767-6192,일식/중식/양식,0.21252921
1752,9725-5654-4320-1258,한식,0.1789216
1753,3181-6948-5384-4771,한식,0.1789216
1754,1546-7614-2385-7132,한식,0.1789216
1755,8969-2818-8415-7897,한식,0.1789216
1756,5183-2256-7720-8774,한식,0.1789216
1757,6281-8689-4894-3268,한식,0.1789216
1758,7652-6457-3064-1201,한식,0.1789216
1759,3249-1936-4003-1313,한식,0.1789216
1760,1379-3035-8197-1706,실내골프/헬스,0.16560361
1761,3700-6440-6406-8228,한식,0.1789216
1762,2551-9095-8936-9658,한식,0.1789216
1763,3729-7516-6334-1455,한식,0.1789216
1764,7398-7442-1279-9773,한식,0.1789216
1765,6839-3625-3090-7079,한식,0.1789216
1766,9678-7683-6631-9741,일식/중식/양식,0.21252921
1767,3429-5163-9534-6562,한식,0.1789216
1768,8703-8139-9584-8359,한식,0.1789216
1769,7315-2381-3418-2371,한식,0.1789216
1770,2464-9461-8271-5384,일식/중식/양식,0.21252921
1771,3918-7023-7164-3664,한식,0.1789216
1772,7152-6690-1529-9398,실내골프/헬스,0.16560361
1773,8228-2746-6709-3540,한식,0.1789216
1774,9205-7427-6015-2494,한식,0.1789216
1775,9749-3970-1493-3445,한식,0.1789216
1776,7183-9023-2087-1865,한식,0.1789216
1777,9855-6543-9447-9586,한식,0.1789216
1778,2290-8303-4690-1143,편의점,1.0
1779,3128-3887-6966-9673,한식,0.1789216
1780,7896-6330-7088-4690,영화/공연,0.13615361
1781,7063-7649-2243-9513,일식/중식/양식,0.21252921
1782,9348-1601-3532-1210,한식,0.1789216
1783,5319-7624-3416-1427,한식,0.1789216
1784,6646-6440-3546-9769,한식,0.1789216
1785,2798-2581-7413-2834,커피전문점,0.1789216
1786,8064-6548-9154-2495,한식,0.1789216
1787,8933-8524-1907-6809,한식,0.1789216
1788,9504-3455-3228-8002,일식/중식/양식,0.21252921
1789,8222-1532-7513-3523,일식/중식/양식,0.21252921
1790,1652-3502-2633-5912,커피전문점,0.4395384
1791,6005-6568-5756-2223,편의점,0.1789216
1792,3717-3175-8600-5721,한식,0.1789216
1793,2667-5100-8924-4169,한식,0.1789216
1794,1131-6037-3289-1245,한식,0.1789216
1795,9760-2159-9941-5248,한식,0.1789216
1796,3918-4335-8424-8897,한식,0.1789216
1797,4603-1389-2982-3322,커피전문점,0.4395384
1798,4302-2158-1901-6254,한식,0.1789216
1799,9197-6075-8377-2283,한식,0.1789216
1800,3501-6074-8702-7109,한식,0.1789216
1801,2459-1230-6426-2551,한식,0.1789216
1802,3943-2145-8965-3674,한식,0.1789216
1803,2022-3930-7501-7088,일식/중식/양식,0.21252921
1804,2894-3854-9156-6769,한식,0.1789216
1805,4502-8235-4553-8379,한식,0.1789216
1806,7711-7629-2201-3092,한식,0.1789216
1807,5270-5769-3191-8847,커피전문점,0.4395384
1808,3369-9089-5638-7599,한식,0.1789216
1809,2318-4971-7191-1212,일식/중식/양식,0.21252921
1810,6584-2048-1308-6399,한식,0.1789216
1811,5427-1182-2508-9255,일식/중식/양식,0.21252921
1812,7633-7862-3070-7100,한식,0.1789216
1813,6225-8804-7502-9352,한식,0.1789216
1814,9865-6296-1289-3618,제과점,0.43229064
1815,7858-5627-2107-1061,편의점,1.0
1816,7898-6226-3986-8609,한식,0.1789216
1817,7710-7095-6494-3465,유흥주점,0.229173
1818,1286-4792-4382-3209,한식,0.1789216
1819,9928-9312-5846-9371,한식,0.1789216
1820,4155-7729-5713-1669,한식,0.1789216
1821,5960-7951-6613-8059,한식,0.1789216
1822,4036-3061-3152-1813,한식,0.1789216
1823,2253-9825-9126-4807,한식,0.1789216
1824,6995-5131-4165-4122,한식,0.1789216
1825,8723-5777-1702-3226,백화점,0.13615361
1826,1436-3734-6761-4167,한식,0.1789216
1827,1016-7739-7307-8138,한식,0.1789216
1828,3209-2064-7885-2267,한식,0.1789216
1829,2588-6024-6164-1850,한식,0.1789216
1830,5663-1219-1724-8966,한식,0.1789216
1831,4025-7897-2656-6239,일식/중식/양식,0.21252921
1832,5780-1435-2435-1369,한식,0.1789216
1833,7341-9283-1803-2616,한식,0.1789216
1834,1786-9686-3728-4651,일식/중식/양식,0.21252921
1835,9690-2797-3633-5668,한식,0.1789216
1836,6397-2921-8271-5603,일식/중식/양식,0.21252921
1837,3390-3000-6806-6626,한식,0.1789216
1838,2025-9435-7145-9800,한식,0.1789216
1839,6521-4584-8898-4232,한식,0.1789216
1840,2436-7939-7032-9244,한식,0.1789216
1841,3122-6872-6080-5440,한식,0.1789216
1842,8654-2671-6499-1807,일식/중식/양식,0.21252921
1843,1532-3196-2408-5913,한식,0.1789216
1844,9233-1133-7115-9130,한식,0.1789216
1845,3637-3329-3672-4337,한식,0.1789216
1846,6778-9266-8067-6556,커피전문점,0.4395384
1847,7154-7319-9279-9163,한식,0.1789216
1848,5351-6724-5079-7807,유흥주점,0.229173
1849,4451-8110-3677-1099,일식/중식/양식,0.21252921
1850,9297-4055-6082-7589,의복/의류,0.12503007
1851,7826-4893-8397-4863,제과점,0.43229064
1852,5717-8799-2828-5053,한식,0.1789216
1853,9226-6451-3260-2171,한식,0.1789216
1854,6623-1711-9949-6335,일식/중식/양식,0.1789216
1855,9506-6445-9288-1429,한식,0.1789216
1856,2459-5041-1813-3866,실내골프/헬스,0.16560361
1857,3472-6567-2838-1489,일식/중식/양식,0.21252921
1858,4339-7518-3808-5128,한식,0.1789216
1859,1417-2972-8542-7999,한식,0.1789216
1860,8081-9270-3924-5466,패스트푸드,0.3720898
1861,9977-2930-7649-1982,한식,0.1789216
1862,5449-3351-5852-7344,커피전문점,0.1789216
1863,2353-8399-5246-1493,한식,0.1789216
1864,9032-5197-9809-9120,커피전문점,0.4395384
1865,1914-2468-6696-2371,한식,0.1789216
1866,7178-9418-9760-3102,한식,0.1789216
1867,3066-5752-4820-3776,일식/중식/양식,0.21252921
1868,5689-9511-1129-5762,한식,0.1789216
1869,4379-1275-6442-3612,일식/중식/양식,0.20449206
1870,9665-5560-7639-3350,일식/중식/양식,0.1789216
1871,7146-5057-2281-5980,한식,0.1789216
1872,9918-6620-7515-5377,한식,0.1789216
1873,6118-8879-6080-9781,한식,0.1789216
1874,2674-7182-2513-8732,한식,0.1789216
1875,2777-5041-8838-6706,일식/중식/양식,0.21252921
1876,1508-2421-5401-1955,한식,0.1789216
1877,5184-4592-3535-6920,한식,0.1789216
1878,9896-2289-1088-1459,한식,0.1789216
1879,5853-1808-9169-8365,한식,0.1789216
1880,8502-3281-6532-4239,패션/잡화,0.14689642
1881,5647-2100-6235-7043,일식/중식/양식,0.21252921
1882,4056-3026-1494-8791,일식/중식/양식,0.21252921
1883,5134-7417-9646-4344,한식,0.1789216
1884,5822-6130-9089-1418,일식/중식/양식,0.21252921
1885,3683-1339-1494-3388,한식,0.1789216
1886,3704-3744-5923-6798,편의점,0.1789216
1887,9835-4991-9390-6201,한식,0.1789216
1888,3273-3481-5889-9524,한식,0.1789216
1889,4563-2007-7616-3784,커피전문점,0.4395384
1890,6429-7506-5439-7294,실내골프/헬스,0.16560361
1891,9344-1609-4284-7240,일식/중식/양식,0.21252921
1892,5159-1829-5867-9450,한식,0.1789216
1893,4627-9797-1607-4195,한식,0.1789216
1894,9100-8075-7966-2287,한식,0.1789216
1895,1540-7417-1889-3091,한식,0.1789216
1896,8114-9527-3474-8678,커피전문점,0.4395384
1897,3943-9351-2785-6713,일식/중식/양식,0.21252921
1898,4366-1509-2728-3666,패션/잡화,0.14689642
1899,3414-1696-2946-4223,한식,0.1789216
1900,3476-9164-3167-7782,한식,0.1789216
1901,3296-3715-5039-7891,일식/중식/양식,0.21252921
1902,8159-5748-2297-2417,한식,0.1789216
1903,3476-3664-1875-9611,한식,0.1789216
1904,1847-5054-5837-8006,한식,0.1789216
1905,9896-8679-9392-4797,한식,0.1789216
1906,7311-9894-3386-8204,한식,0.1789216
1907,6506-6711-5351-8713,일식/중식/양식,0.21252921
1908,4666-6578-4426-1803,영화/공연,0.13615361
1909,7261-8906-1929-6594,한식,0.1789216
1910,8861-8353-8260-9351,일식/중식/양식,0.21252921
1911,2397-4954-5399-5738,한식,0.1789216
1912,8243-7302-5708-6030,한식,0.1789216
1913,2048-7458-6662-7657,한식,0.1789216
1914,8999-7972-4460-2244,한식,0.1789216
1915,3999-6700-5901-2468,한식,0.1789216
1916,1461-4393-2885-2765,편의점,1.0
1917,4604-8861-1783-9717,실내골프/헬스,0.16560361
1918,4768-7779-2657-5483,한식,0.1789216
1919,5904-8339-6844-6226,한식,0.1789216
1920,4327-5967-8893-4987,일식/중식/양식,0.1789216
1921,8148-2074-6344-8895,한식,0.1789216
1922,9296-1809-8339-5134,일식/중식/양식,0.21252921
1923,7778-6944-5199-8910,한식,0.1789216
1924,8462-8693-5244-1593,한식,0.1789216
1925,6129-5311-3966-6347,한식,0.1789216
1926,5631-9584-3599-4367,패스트푸드,0.3720898
1927,7637-9145-2456-1945,한식,0.1789216
1928,7660-5042-6373-2504,한식,0.1789216
1929,8426-4648-5971-2232,한식,0.1789216
1930,2903-2504-1662-9464,한식,0.1789216
1931,1243-5182-6585-9638,한식,0.1789216
1932,3248-5564-6290-9468,일식/중식/양식,0.1789216
1933,2136-9540-8422-2481,한식,0.1789216
1934,5014-5444-8412-5640,한식,0.1789216
1935,4471-3256-1659-5498,한식,0.1789216
1936,4890-1833-9748-5178,한식,0.1789216
1937,3095-6339-1338-8588,한식,0.1789216
1938,2747-2387-4365-9149,한식,0.1789216
1939,6352-5077-1807-5176,유흥주점,0.229173
1940,6270-5857-4281-6892,한식,0.1789216
1941,8567-8869-7809-1068,한식,0.1789216
1942,4951-4672-7500-2979,일식/중식/양식,0.21252921
1943,2531-5863-4919-2958,일식/중식/양식,0.21252921
1944,6135-7231-1234-1629,한식,0.1789216
1945,7466-2722-2566-2739,일식/중식/양식,0.21252921
1946,3542-9683-1242-2724,한식,0.1789216
1947,5459-5065-4706-8191,일식/중식/양식,0.21252921
1948,9814-5731-2381-5894,일식/중식/양식,0.21252921
1949,7299-9089-8753-2829,편의점,1.0
1950,8120-7759-8915-1421,한식,0.1789216
1951,6314-9692-9572-1676,일식/중식/양식,0.1789216
1952,4783-5026-4643-4499,한식,0.1789216
1953,9266-5993-9643-1127,한식,0.1789216
1954,6963-7338-2307-5219,한식,0.1789216
1955,3913-8916-8449-9628,한식,0.1789216
1956,8308-8000-8761-7527,한식,0.1789216
1957,5028-5232-3048-2489,편의점,1.0
1958,3355-3019-7492-6648,일식/중식/양식,0.21252921
1959,5835-5180-2787-2824,백화점,0.412799
1960,2470-7473-9386-7703,한식,0.1789216
1961,6080-1108-5530-1044,한식,0.1789216
1962,5422-4497-8404-9639,한식,0.1789216
1963,7377-4923-4005-8055,한식,0.1789216
1964,2863-7801-3706-7605,실내골프/헬스,0.16560361
1965,8054-6425-5865-5625,한식,0.1789216
1966,8400-4787-7962-6317,한식,0.1789216
1967,1156-7680-4933-6725,한식,0.1789216
1968,7364-1427-3558-6729,일식/중식/양식,0.21252921
1969,7524-6833-9726-4777,한식,0.1789216
1970,5768-1244-3645-5561,일식/중식/양식,0.21252921
1971,6998-8395-2677-9935,일식/중식/양식,0.21252921
1972,1030-3209-3685-6261,일식/중식/양식,0.1789216
1973,7518-3223-7253-3704,한식,0.1789216
1974,3746-1677-7491-5437,한식,0.1789216
1975,9332-4399-7885-4996,한식,0.1789216
1976,7280-6170-6855-3062,한식,0.1789216
1977,2039-1933-1077-6827,패션/잡화,0.14689642
1978,2718-1726-3935-2097,한식,0.1789216
1979,3648-8752-1771-5121,한식,0.1789216
1980,2815-7535-5576-3248,한식,0.1789216
1981,8567-9246-1153-6299,일식/중식/양식,0.21252921
1982,5604-3765-5828-5719,한식,0.1789216
1983,6586-3102-3620-6725,한식,0.1789216
1984,1896-3839-3539-6507,한식,0.1789216
1985,8558-5682-8053-9008,한식,0.1789216
1986,3061-2512-8982-1946,커피전문점,0.4395384
1987,3585-4943-9315-6016,백화점,0.412799
1988,1696-3172-5794-3800,일식/중식/양식,0.21252921
1989,4923-5705-3682-1479,일식/중식/양식,0.21252921
1990,2643-2742-6830-3908,커피전문점,0.4395384
1991,3718-7786-5404-4432,일식/중식/양식,0.21252921
1992,6923-7237-7316-5738,커피전문점,0.4395384
1993,8898-6861-6420-6321,한식,0.1789216
1994,6526-5689-5578-3312,한식,0.1789216
1995,9640-3711-6867-2718,한식,0.1789216
1996,7951-7952-4196-9188,한식,0.1789216
1997,7393-9660-3356-1638,한식,0.1789216
1998,1702-2042-3914-5877,한식,0.1789216
1999,6819-5411-9779-2630,일식/중식/양식,0.21252921
2000,6630-6882-1494-9726,유흥주점,0.1789216
